symbol,name,layer,sublayer,exchange,country,ipo_year,market_cap_usd_m,cap_band,last_price_usd,is_adr,in_xbi,xbi_weight_pct,in_ibb,ibb_weight_pct,xbi_rule_proxy,ibb_rule_proxy,in_watchlist,in_ai_fit_matrix,first_seen_in_history,classification_rule,nasdaq_industry,snapshot_date,evidence_class
LLY,Eli Lilly and Company Common Stock,therapeutics,large_pharma,nyse,United States,,1119010.0,mega_over_25,1188.72,False,,,,,False,False,False,False,2021-02-02,override,biotechnology: pharmaceutical preparations,2026-10-09,own_assumption
JNJ,Johnson & Johnson Common Stock,therapeutics,large_pharma,nyse,United States,,622838.3,mega_over_25,258.45,False,,,,,False,False,False,False,2021-02-02,override,biotechnology: pharmaceutical preparations,2026-10-09,own_assumption
ABBV,AbbVie Inc. Common Stock,therapeutics,large_pharma,nyse,United States,2012,479524.9,mega_over_25,271.36,False,,,,,True,False,False,False,2021-02-02,override,biotechnology: pharmaceutical preparations,2026-10-09,own_assumption
MRK,Merck & Company Inc. Common Stock (new),therapeutics,large_pharma,nyse,United States,,352287.4,mega_over_25,142.79,False,,,,,False,False,False,False,2021-02-02,override,biotechnology: pharmaceutical preparations,2026-10-09,own_assumption
NVS,Novartis AG Common Stock,therapeutics,large_pharma,nyse,Switzerland,,273400.0,mega_over_25,143.28,False,,,,,False,False,False,False,2021-02-02,override,biotechnology: pharmaceutical preparations,2026-10-09,own_assumption
AZN,AstraZeneca PLC Ordinary Shares,therapeutics,large_pharma,nyse,United Kingdom,2026,248302.2,mega_over_25,160.12,False,,,,,False,False,False,False,2021-02-02,override,biotechnology: pharmaceutical preparations,2026-10-09,own_assumption
AMGN,Amgen Inc. Common Stock,therapeutics,large_pharma,nasdaq,United States,1983,223324.3,mega_over_25,413.08,False,,,,,True,True,False,False,2021-02-02,override,biotechnology: biological products (no diagnostic substances),2026-10-09,own_assumption
GILD,Gilead Sciences Inc. Common Stock,therapeutics,large_pharma,nasdaq,United States,1992,182087.4,mega_over_25,146.85,False,,,,,True,True,False,False,2021-02-02,override,biotechnology: biological products (no diagnostic substances),2026-10-09,own_assumption
NVO,Novo Nordisk A/S Common Stock,therapeutics,large_pharma,nyse,Denmark,,169412.6,mega_over_25,38.26,False,,,,,False,False,False,False,2021-02-02,override,biotechnology: pharmaceutical preparations,2026-10-09,own_assumption
PFE,Pfizer Inc. Common Stock,therapeutics,large_pharma,nyse,United States,,159590.9,mega_over_25,28.0,False,,,,,False,False,False,False,2021-02-02,override,biotechnology: pharmaceutical preparations,2026-10-09,own_assumption
VRTX,Vertex Pharmaceuticals Incorporated Common Stock,therapeutics,large_pharma,nasdaq,United States,1991,128160.0,mega_over_25,505.64,False,,,,,True,True,False,False,2021-02-02,override,biotechnology: pharmaceutical preparations,2026-10-09,own_assumption
BMY,Bristol-Myers Squibb Company Common Stock,therapeutics,large_pharma,nyse,United States,,121950.1,mega_over_25,59.7,False,,,,,False,False,False,False,2021-02-02,override,biotechnology: pharmaceutical preparations,2026-10-09,own_assumption
SNY,Sanofi ADS,therapeutics,large_pharma,nasdaq,France,,98041.9,mega_over_25,40.2,True,,,,,False,True,False,False,2021-02-02,override,biotechnology: pharmaceutical preparations,2026-10-09,own_assumption
GSK,GSK plc American Depositary Shares (Each representing two Ordinary Shares),therapeutics,large_pharma,nyse,United Kingdom,2022,95107.6,mega_over_25,47.02,True,,,,,False,False,False,False,2021-02-02,override,biotechnology: pharmaceutical preparations,2026-10-09,own_assumption
MRNA,Moderna Inc. Common Stock,therapeutics,,nasdaq,United States,2018,78441.9,mega_over_25,196.48,False,,,,,True,True,False,False,2021-02-02,industry,biotechnology: biological products (no diagnostic substances),2026-10-09,own_assumption
REGN,Regeneron Pharmaceuticals Inc. Common Stock,therapeutics,large_pharma,nasdaq,United States,1991,76405.0,mega_over_25,742.12,False,,,,,True,True,False,False,2021-02-02,override,biotechnology: pharmaceutical preparations,2026-10-09,own_assumption
TAK,Takeda Pharmaceutical Company Limited American Depositary Shares (each representing 1/2 of a share of Common Stock),therapeutics,large_pharma,nyse,Japan,2018,58046.3,mega_over_25,18.37,True,,,,,False,False,False,False,2021-02-02,override,biotechnology: pharmaceutical preparations,2026-10-09,own_assumption
ARGX,argenx SE American Depositary Shares,therapeutics,,nasdaq,Netherlands,2017,57621.7,mega_over_25,928.44,True,,,,,False,True,False,False,2021-02-02,industry,biotechnology: biological products (no diagnostic substances),2026-10-09,own_assumption
TEVA,Teva Pharmaceutical Industries Limited Ordinary Shares,therapeutics,generics,nyse,Israel,,45656.3,mega_over_25,39.18,False,,,,,False,False,False,False,2021-02-02,override,biotechnology: pharmaceutical preparations,2026-10-09,own_assumption
RVMD,Revolution Medicines Inc. Common Stock,therapeutics,,nasdaq,United States,2020,43053.8,mega_over_25,200.87,False,,,,,True,True,False,False,2021-02-02,industry,biotechnology: biological products (no diagnostic substances),2026-10-09,own_assumption
ONC,BeOne Medicines Ltd. American Depositary Shares,therapeutics,,nasdaq,Cayman Islands,2016,41389.8,mega_over_25,364.02,True,,,,,False,True,False,False,2025-02-01,industry,biotechnology: pharmaceutical preparations,2026-10-09,own_assumption
BIIB,Biogen Inc. Common Stock,therapeutics,large_pharma,nasdaq,United States,,32823.6,mega_over_25,222.15,False,,,,,True,True,False,False,2021-02-02,override,biotechnology: biological products (no diagnostic substances),2026-10-09,own_assumption
RPRX,Royalty Pharma plc Class A Ordinary Shares,therapeutics,royalty,nasdaq,United States,2020,32637.1,mega_over_25,56.76,False,,,,,False,True,False,False,2021-02-02,override,biotechnology: pharmaceutical preparations,2026-10-09,own_assumption
ALNY,Alnylam Pharmaceuticals Inc. Common Stock,therapeutics,,nasdaq,United States,2004,30028.1,mega_over_25,224.41,False,,,,,True,True,False,False,2021-02-02,industry,biotechnology: pharmaceutical preparations,2026-10-09,own_assumption
ZTS,Zoetis Inc. Class A Common Stock,therapeutics,animal_health,nyse,United States,2013,29566.1,mega_over_25,71.55,False,,,,,False,False,False,False,2021-02-02,override,biotechnology: pharmaceutical preparations,2026-10-09,own_assumption
ROIV,Roivant Sciences Ltd. Common Shares,therapeutics,,nasdaq,United Kingdom,,25100.7,mega_over_25,34.75,False,,,,,False,True,False,False,2021-11-02,industry,biotechnology: pharmaceutical preparations,2026-10-09,own_assumption
BNTX,BioNTech SE American Depositary Share,therapeutics,,nasdaq,Germany,2019,23927.2,large_10_to_25,95.25,True,,,,,False,True,False,False,2021-02-02,industry,biotechnology: biological products (no diagnostic substances),2026-10-09,own_assumption
UTHR,United Therapeutics Corporation Common Stock,therapeutics,,nasdaq,United States,1999,23375.4,large_10_to_25,545.0,False,,,,,True,True,False,False,2021-02-02,industry,biotechnology: pharmaceutical preparations,2026-10-09,own_assumption
INCY,Incyte Corp. Common Stock,therapeutics,commercial,nasdaq,United States,,22994.0,large_10_to_25,113.44,False,,,,,True,True,False,False,2021-02-02,override,biotechnology: commercial physical & biological research,2026-10-09,own_assumption
INSM,Insmed Incorporated Common Stock,therapeutics,,nasdaq,United States,,22218.1,large_10_to_25,101.74,False,,,,,True,True,True,False,2021-02-02,industry,biotechnology: pharmaceutical preparations,2026-10-09,own_assumption
VTRS,Viatris Inc. Common Stock,therapeutics,generics,nasdaq,United States,,20088.9,large_10_to_25,17.49,False,,,,,False,True,False,False,2021-02-02,override,biotechnology: pharmaceutical preparations,2026-10-09,own_assumption
ASND,Ascendis Pharma A/S Ordinary Share,therapeutics,,nasdaq,Denmark,2015,15048.6,large_10_to_25,228.41,False,,,,,False,True,False,False,2021-02-02,industry,biotechnology: pharmaceutical preparations,2026-10-09,own_assumption
JAZZ,Jazz Pharmaceuticals plc Common Stock (Ireland),therapeutics,,nasdaq,Ireland,2007,15007.6,large_10_to_25,231.19,False,,,,,False,True,False,False,2021-02-02,industry,biotechnology: pharmaceutical preparations,2026-10-09,own_assumption
NBIX,Neurocrine Biosciences Inc. Common Stock,therapeutics,,nasdaq,United States,1996,14583.6,large_10_to_25,143.47,False,,,,,True,True,False,False,2021-02-02,industry,biotechnology: biological products (no diagnostic substances),2026-10-09,own_assumption
EXEL,Exelixis Inc. Common Stock,therapeutics,,nasdaq,United States,2000,14480.4,large_10_to_25,58.44,False,,,,,True,True,False,False,2021-02-02,industry,biotechnology: biological products (no diagnostic substances),2026-10-09,own_assumption
SMMT,Summit Therapeutics Inc. Common Stock,therapeutics,,nasdaq,United States,2015,14355.1,large_10_to_25,17.95,False,,,,,True,True,False,False,2021-02-02,industry,biotechnology: pharmaceutical preparations,2026-10-09,own_assumption
BBIO,BridgeBio Pharma Inc. Common Stock,therapeutics,,nasdaq,United States,2019,12999.9,large_10_to_25,66.5,False,,,,,True,True,False,False,2021-02-02,industry,biotechnology: pharmaceutical preparations,2026-10-09,own_assumption
CORT,Corcept Therapeutics Incorporated Common Stock,therapeutics,,nasdaq,United States,2004,12928.6,large_10_to_25,119.6,False,,,,,False,True,False,False,2021-02-02,industry,biotechnology: pharmaceutical preparations,2026-10-09,own_assumption
HALO,Halozyme Therapeutics Inc. Common Stock,therapeutics,,nasdaq,United States,,12574.4,large_10_to_25,110.79,False,,,,,True,True,False,False,2021-02-02,industry,biotechnology: biological products (no diagnostic substances),2026-10-09,own_assumption
MDGL,Madrigal Pharmaceuticals Inc. Common Stock,therapeutics,,nasdaq,United States,2007,11268.3,large_10_to_25,487.72,False,,,,,True,True,True,False,2021-02-02,industry,biotechnology: pharmaceutical preparations,2026-10-09,own_assumption
ELAN,Elanco Animal Health Incorporated Common Stock,therapeutics,animal_health,nyse,United States,2018,11171.5,large_10_to_25,22.36,False,,,,,False,False,False,False,2021-02-02,override,biotechnology: pharmaceutical preparations,2026-10-09,own_assumption
BMRN,BioMarin Pharmaceutical Inc. Common Stock,therapeutics,,nasdaq,United States,1999,10685.3,large_10_to_25,55.2,False,,,,,True,True,False,False,2021-02-02,industry,biotechnology: pharmaceutical preparations,2026-10-09,own_assumption
IBRX,ImmunityBio Inc. Common Stock,therapeutics,,nasdaq,United States,2015,10333.4,large_10_to_25,9.75,False,,,,,True,True,False,False,2021-04-01,industry,biotechnology: biological products (no diagnostic substances),2026-10-09,own_assumption
RDY,Dr. Reddy's Laboratories Ltd Common Stock,therapeutics,generics,nyse,India,,10241.2,large_10_to_25,12.27,False,,,,,False,False,False,False,2021-02-02,override,biotechnology: pharmaceutical preparations,2026-10-09,own_assumption
PCVX,Vaxcyte Inc. Common Stock,therapeutics,,nasdaq,United States,2020,9964.0,mid_2_to_10,66.96,False,,,,,True,True,False,False,2021-02-02,industry,biotechnology: biological products (no diagnostic substances),2026-10-09,own_assumption
KRYS,Krystal Biotech Inc. Common Stock,therapeutics,,nasdaq,United States,2017,9606.9,mid_2_to_10,324.57,False,,,,,True,True,True,False,2021-02-02,industry,biotechnology: biological products (no diagnostic substances),2026-10-09,own_assumption
PTGX,Protagonist Therapeutics Inc. Common Stock,therapeutics,,nasdaq,United States,2016,9118.7,mid_2_to_10,140.92,False,,,,,True,True,False,False,2021-02-02,industry,biotechnology: pharmaceutical preparations,2026-10-09,own_assumption
AXSM,Axsome Therapeutics Inc. Common Stock,therapeutics,,nasdaq,United States,2015,9060.3,mid_2_to_10,172.97,False,,,,,True,True,True,False,2021-02-02,industry,biotechnology: pharmaceutical preparations,2026-10-09,own_assumption
KYMR,Kymera Therapeutics Inc. Common Stock,therapeutics,,nasdaq,United States,2020,9009.4,mid_2_to_10,108.35,False,,,,,True,True,False,False,2021-02-02,industry,biotechnology: biological products (no diagnostic substances),2026-10-09,own_assumption
ARWR,Arrowhead Pharmaceuticals Inc. Common Stock,therapeutics,,nasdaq,United States,,8684.3,mid_2_to_10,61.48,False,,,,,True,True,False,False,2021-02-02,industry,biotechnology: pharmaceutical preparations,2026-10-09,own_assumption
CYTK,Cytokinetics Incorporated Common Stock,therapeutics,,nasdaq,United States,2004,8497.1,mid_2_to_10,61.12,False,,,,,True,True,True,False,2021-02-02,industry,biotechnology: pharmaceutical preparations,2026-10-09,own_assumption
TGTX,TG Therapeutics Inc. Common Stock,therapeutics,,nasdaq,United States,,8105.0,mid_2_to_10,52.95,False,,,,,True,True,False,False,2021-02-02,industry,biotechnology: pharmaceutical preparations,2026-10-09,own_assumption
PRAX,Praxis Precision Medicines Inc. Common Stock,therapeutics,,nasdaq,United States,2020,7762.3,mid_2_to_10,278.02,False,,,,,True,True,False,False,2021-02-02,industry,biotechnology: pharmaceutical preparations,2026-10-09,own_assumption
ABVX,Abivax SA American Depositary Shares,therapeutics,,nasdaq,France,2023,7592.0,mid_2_to_10,87.01,True,,,,,False,True,False,False,2023-11-01,industry,biotechnology: pharmaceutical preparations,2026-10-09,own_assumption
IONS,Ionis Pharmaceuticals Inc. Common Stock,therapeutics,,nasdaq,United States,,7338.7,mid_2_to_10,44.16,False,,,,,True,True,False,False,2021-02-02,industry,biotechnology: pharmaceutical preparations,2026-10-09,own_assumption
SYRE,Spyre Therapeutics Inc. Common Stock,therapeutics,,nasdaq,United States,2016,7128.8,mid_2_to_10,80.85,False,,,,,True,True,False,False,2023-12-01,industry,biotechnology: pharmaceutical preparations,2026-10-09,own_assumption
ALKS,Alkermes plc Ordinary Shares,therapeutics,,nasdaq,Ireland,1991,6952.9,mid_2_to_10,41.445,False,,,,,False,True,False,False,2021-02-02,industry,biotechnology: pharmaceutical preparations,2026-10-09,own_assumption
AMRX,Amneal Pharmaceuticals Inc. Class A Common Stock,therapeutics,generics,nasdaq,United States,,6844.0,mid_2_to_10,19.65,False,,,,,False,True,False,False,2021-02-02,override,biotechnology: pharmaceutical preparations,2026-10-09,own_assumption
IMVT,Immunovant Inc. Common Stock,therapeutics,,nasdaq,United States,2019,6617.9,mid_2_to_10,32.04,False,,,,,True,True,False,False,2021-02-02,industry,biotechnology: biological products (no diagnostic substances),2026-10-09,own_assumption
LNTH,Lantheus Holdings Inc. Common Stock,therapeutics,radiopharma,nasdaq,United States,2015,6539.0,mid_2_to_10,100.18,False,,,,,True,True,False,False,2021-02-02,override,biotechnology: in vitro & in vivo diagnostic substances,2026-10-09,own_assumption
BLTE,Belite Bio Inc American Depositary Shares,therapeutics,,nasdaq,United States,2022,6285.7,mid_2_to_10,156.08,True,,,,,True,True,False,False,2022-05-03,industry,biotechnology: pharmaceutical preparations,2026-10-09,own_assumption
RYTM,Rhythm Pharmaceuticals Inc. Common Stock,therapeutics,,nasdaq,United States,2017,6090.0,mid_2_to_10,88.45,False,,,,,True,True,True,False,2021-02-02,industry,biotechnology: pharmaceutical preparations,2026-10-09,own_assumption
KNSA,Kiniksa Pharmaceuticals International plc Class A Ordinary Shares,therapeutics,,nasdaq,United States,2018,6082.8,mid_2_to_10,77.96,False,,,,,True,True,False,False,2021-02-02,industry,biotechnology: pharmaceutical preparations,2026-10-09,own_assumption
IOVA,Iovance Biotherapeutics Inc. Common Stock,therapeutics,,nasdaq,United States,,5850.1,mid_2_to_10,12.915,False,,,,,True,True,True,True,2021-02-02,industry,biotechnology: biological products (no diagnostic substances),2026-10-09,own_assumption
LGND,Ligand Pharmaceuticals Incorporated Common Stock,therapeutics,royalty,nasdaq,United States,,5846.3,mid_2_to_10,293.26,False,,,,,False,True,False,False,2021-02-02,override,biotechnology: pharmaceutical preparations,2026-10-09,own_assumption
KOD,Kodiak Sciences Inc Common Stock,therapeutics,,nasdaq,United States,2018,5724.3,mid_2_to_10,91.08,False,,,,,True,True,False,False,2021-02-02,industry,biotechnology: biological products (no diagnostic substances),2026-10-09,own_assumption
CGON,CG Oncology Inc. Common stock,therapeutics,,nasdaq,United States,2024,5529.4,mid_2_to_10,62.38,False,,,,,True,True,False,False,2024-02-01,industry,biotechnology: biological products (no diagnostic substances),2026-10-09,own_assumption
PTCT,PTC Therapeutics Inc. Common Stock,therapeutics,,nasdaq,United States,2013,5277.2,mid_2_to_10,63.23,False,,,,,True,True,False,False,2021-02-02,industry,biotechnology: pharmaceutical preparations,2026-10-09,own_assumption
ORKA,Oruka Therapeutics Inc. Common Stock,therapeutics,,nasdaq,United States,,5263.7,mid_2_to_10,79.5,False,,,,,True,True,False,False,2024-09-04,name_rescue,biotechnology: in vitro & in vivo diagnostic substances,2026-10-09,own_assumption
MIRM,Mirum Pharmaceuticals Inc. Common Stock,therapeutics,,nasdaq,United States,2019,5236.1,mid_2_to_10,80.64,False,,,,,True,True,True,False,2021-02-02,industry,biotechnology: pharmaceutical preparations,2026-10-09,own_assumption
COGT,Cogent Biosciences Inc. Common Stock,therapeutics,,nasdaq,United States,2018,5230.0,mid_2_to_10,30.14,False,,,,,True,True,False,False,2021-02-02,industry,biotechnology: pharmaceutical preparations,2026-10-09,own_assumption
GRFS,Grifols S.A. American Depositary Shares,therapeutics,,nasdaq,Spain,,5156.7,mid_2_to_10,7.5,True,,,,,False,True,False,False,2021-02-02,industry,biotechnology: pharmaceutical preparations,2026-10-09,own_assumption
SRRK,Scholar Rock Holding Corporation Common Stock,therapeutics,,nasdaq,United States,2018,5139.3,mid_2_to_10,42.2,False,,,,,True,True,False,False,2021-02-02,industry,biotechnology: biological products (no diagnostic substances),2026-10-09,own_assumption
CRSP,CRISPR Therapeutics AG Common Shares,therapeutics,,nasdaq,Switzerland,2016,5061.9,mid_2_to_10,52.35,False,,,,,False,True,True,True,2021-02-02,industry,biotechnology: biological products (no diagnostic substances),2026-10-09,own_assumption
TVTX,Travere Therapeutics Inc. Common Stock,therapeutics,,nasdaq,United States,,5037.3,mid_2_to_10,53.44,False,,,,,True,True,True,False,2021-02-02,industry,biotechnology: pharmaceutical preparations,2026-10-09,own_assumption
ERAS,Erasca Inc. Common Stock,therapeutics,,nasdaq,United States,2021,4938.6,mid_2_to_10,14.12,False,,,,,True,True,False,False,2021-08-03,industry,biotechnology: pharmaceutical preparations,2026-10-09,own_assumption
DNTH,Dianthus Therapeutics Inc. Common Stock,therapeutics,,nasdaq,United States,2018,4747.7,mid_2_to_10,84.88,False,,,,,True,True,False,False,2023-10-03,industry,biotechnology: pharmaceutical preparations,2026-10-09,own_assumption
DFTX,Definium Therapeutics Inc. Common Shares,therapeutics,,nasdaq,United States,,4714.9,mid_2_to_10,35.09,False,,,,,True,True,False,False,2026-02-03,name_rescue,medicinal chemicals and botanical products,2026-10-09,own_assumption
GMAB,Genmab A/S ADS,therapeutics,,nasdaq,Denmark,2019,4708.7,mid_2_to_10,36.65,True,,,,,False,True,False,False,2021-02-02,industry,biotechnology: pharmaceutical preparations,2026-10-09,own_assumption
MANE,Veradermics Incorporated Common Stock,therapeutics,,nyse,United States,2026,4635.5,mid_2_to_10,110.95,False,,,,,True,False,False,False,2026-03-03,industry,biotechnology: pharmaceutical preparations,2026-10-09,own_assumption
EWTX,Edgewise Therapeutics Inc. Common Stock,therapeutics,,nasdaq,United States,2021,4297.5,mid_2_to_10,39.57,False,,,,,True,True,False,False,2021-04-01,industry,biotechnology: pharmaceutical preparations,2026-10-09,own_assumption
INDV,Indivior Pharmaceuticals Inc. Common Stock,therapeutics,,nasdaq,United Kingdom,,4264.5,mid_2_to_10,36.13,False,,,,,False,True,False,False,2023-07-01,industry,biotechnology: pharmaceutical preparations,2026-10-09,own_assumption
ADPT,Adaptive Biotechnologies Corporation Common Stock,therapeutics,,nasdaq,United States,2019,4194.2,mid_2_to_10,26.28,False,,,,,True,True,True,True,2021-02-02,industry,biotechnology: biological products (no diagnostic substances),2026-10-09,own_assumption
ABCL,AbCellera Biologics Inc. Common Shares,therapeutics,ai_platform,nasdaq,Canada,2020,4155.7,mid_2_to_10,12.83,False,,,,,False,True,True,True,2021-02-02,override,biotechnology: pharmaceutical preparations,2026-10-09,own_assumption
RLAY,Relay Therapeutics Inc. Common Stock,therapeutics,,nasdaq,United States,2020,3933.6,mid_2_to_10,17.95,False,,,,,True,True,False,False,2021-02-02,industry,biotechnology: biological products (no diagnostic substances),2026-10-09,own_assumption
TLX,Telix Pharmaceuticals Limited American Depositary Shares,therapeutics,,nasdaq,Australia,,3767.2,mid_2_to_10,11.12,True,,,,,False,True,False,False,2024-12-03,industry,biotechnology: pharmaceutical preparations,2026-10-09,own_assumption
LEGN,Legend Biotech Corporation American Depositary Shares,therapeutics,,nasdaq,United States,2020,3718.6,mid_2_to_10,19.12,True,,,,,True,True,False,False,2021-02-02,industry,biotechnology: pharmaceutical preparations,2026-10-09,own_assumption
TNGX,Tango Therapeutics Inc.,therapeutics,,nasdaq,United States,2020,3680.8,mid_2_to_10,21.83,False,,,,,True,True,False,False,2021-09-01,industry,biotechnology: pharmaceutical preparations,2026-10-09,own_assumption
OGN,Organon & Co. Common Stock,therapeutics,,nyse,United States,2021,3621.4,mid_2_to_10,13.79,False,,,,,False,False,False,False,2021-07-01,industry,biotechnology: pharmaceutical preparations,2026-10-09,own_assumption
VKTX,Viking Therapeutics Inc. Common Stock,therapeutics,,nasdaq,United States,2015,3587.2,mid_2_to_10,28.54,False,,,,,True,True,False,False,2021-02-02,industry,biotechnology: pharmaceutical preparations,2026-10-09,own_assumption
XENE,Xenon Pharmaceuticals Inc. Common Shares,therapeutics,,nasdaq,Canada,2014,3526.0,mid_2_to_10,36.41,False,,,,,False,True,False,False,2021-02-02,industry,biotechnology: pharmaceutical preparations,2026-10-09,own_assumption
PBLS,Parabilis Medicines Inc. Common Stock,therapeutics,,nasdaq,United States,2026,3514.7,mid_2_to_10,28.82,False,,,,,True,True,False,False,2026-07-01,industry,biotechnology: pharmaceutical preparations,2026-10-09,own_assumption
IDYA,IDEAYA Biosciences Inc. Common Stock,therapeutics,,nasdaq,United States,2019,3498.7,mid_2_to_10,36.26,False,,,,,True,True,False,False,2021-02-02,industry,biotechnology: pharmaceutical preparations,2026-10-09,own_assumption
TARS,Tarsus Pharmaceuticals Inc. Common Stock,therapeutics,,nasdaq,United States,2020,3444.3,mid_2_to_10,73.61,False,,,,,True,True,True,False,2021-02-02,industry,biotechnology: biological products (no diagnostic substances),2026-10-09,own_assumption
AMLX,Amylyx Pharmaceuticals Inc. Common Stock,therapeutics,,nasdaq,United States,2022,3441.3,mid_2_to_10,27.43,False,,,,,True,True,False,False,2022-02-01,industry,biotechnology: pharmaceutical preparations,2026-10-09,own_assumption
ACAD,ACADIA Pharmaceuticals Inc. Common Stock,therapeutics,,nasdaq,United States,1985,3385.8,mid_2_to_10,19.65,False,,,,,True,True,False,False,2021-02-02,industry,biotechnology: pharmaceutical preparations,2026-10-09,own_assumption
CELC,Celcuity Inc. Common Stock,therapeutics,clinical,nasdaq,United States,2017,3218.7,mid_2_to_10,65.78,False,,,,,True,True,False,False,2021-02-02,override,medical specialities,2026-10-09,own_assumption
RCUS,Arcus Biosciences Inc. Common Stock,therapeutics,,nyse,United States,2018,3122.2,mid_2_to_10,24.52,False,,,,,True,False,False,False,2021-02-02,industry,biotechnology: pharmaceutical preparations,2026-10-09,own_assumption
DNLI,Denali Therapeutics Inc. Common Stock,therapeutics,,nasdaq,United States,2017,3062.7,mid_2_to_10,19.16,False,,,,,True,True,False,False,2021-02-02,industry,biotechnology: biological products (no diagnostic substances),2026-10-09,own_assumption
ARQT,Arcutis Biotherapeutics Inc. Common Stock,therapeutics,,nasdaq,United States,2020,3038.0,mid_2_to_10,24.17,False,,,,,True,True,False,False,2021-02-02,industry,biotechnology: pharmaceutical preparations,2026-10-09,own_assumption
ELVN,Enliven Therapeutics Inc. Common Stock,therapeutics,,nasdaq,United States,2020,3030.5,mid_2_to_10,41.36,False,,,,,True,True,False,False,2023-03-01,industry,biotechnology: pharmaceutical preparations,2026-10-09,own_assumption
DYN,Dyne Therapeutics Inc. Common Stock,therapeutics,,nasdaq,United States,2020,2982.3,mid_2_to_10,15.97,False,,,,,True,True,False,False,2021-02-02,industry,biotechnology: pharmaceutical preparations,2026-10-09,own_assumption
ZLAB,Zai Lab Limited American Depositary Shares,therapeutics,,nasdaq,China,2017,2841.5,mid_2_to_10,25.31,True,,,,,False,True,False,False,2021-02-02,industry,biotechnology: pharmaceutical preparations,2026-10-09,own_assumption
PGEN,Precigen Inc. Common Stock,therapeutics,,nasdaq,United States,,2699.6,mid_2_to_10,7.54,False,,,,,True,True,False,False,2021-02-02,industry,biotechnology: pharmaceutical preparations,2026-10-09,own_assumption
NAMS,NewAmsterdam Pharma Company N.V. Ordinary Shares,therapeutics,,nasdaq,Netherlands,,2645.4,mid_2_to_10,22.13,False,,,,,False,True,False,False,2022-12-01,industry,biotechnology: pharmaceutical preparations,2026-10-09,own_assumption
MBX,MBX Biosciences Inc. Common Stock,therapeutics,,nasdaq,United States,2024,2626.7,mid_2_to_10,54.54,False,,,,,True,True,False,False,2024-10-01,industry,biotechnology: pharmaceutical preparations,2026-10-09,own_assumption
BEAM,Beam Therapeutics Inc. Common Stock,therapeutics,,nasdaq,United States,2020,2558.4,mid_2_to_10,24.77,False,,,,,True,True,True,True,2021-02-02,industry,biotechnology: biological products (no diagnostic substances),2026-10-09,own_assumption
SUPN,Supernus Pharmaceuticals Inc. Common Stock,therapeutics,,nasdaq,United States,2012,2502.4,mid_2_to_10,43.05,False,,,,,False,True,False,False,2021-02-02,industry,biotechnology: pharmaceutical preparations,2026-10-09,own_assumption
HCM,HUTCHMED (China) Limited American Depositary Shares,therapeutics,,nasdaq,Hong Kong,2016,2491.4,mid_2_to_10,14.28,True,,,,,False,True,False,False,2021-02-02,industry,biotechnology: pharmaceutical preparations,2026-10-09,own_assumption
VCRE,Vicore Pharma Holding AB American Depositary Shares,therapeutics,,nasdaq,Sweden,,2438.0,mid_2_to_10,8.66,True,,,,,False,True,False,False,2026-08-01,industry,biotechnology: pharmaceutical preparations,2026-10-09,own_assumption
CLDX,Celldex Therapeutics Inc.,therapeutics,,nasdaq,United States,,2389.7,mid_2_to_10,30.43,False,,,,,True,True,False,False,2021-02-02,name_rescue,biotechnology: in vitro & in vivo diagnostic substances,2026-10-09,own_assumption
LQDA,Liquidia Corporation Common Stock,therapeutics,,nasdaq,United States,2018,2388.1,mid_2_to_10,26.68,False,,,,,True,True,True,False,2021-02-02,industry,biotechnology: pharmaceutical preparations,2026-10-09,own_assumption
NRIX,Nurix Therapeutics Inc. Common stock,therapeutics,,nasdaq,United States,2020,2359.0,mid_2_to_10,22.73,False,,,,,True,True,False,False,2021-02-02,industry,biotechnology: pharmaceutical preparations,2026-10-09,own_assumption
IRON,Disc Medicine Inc. Common Stock,therapeutics,,nasdaq,United States,,2348.9,mid_2_to_10,61.18,False,,,,,True,True,False,False,2023-01-04,industry,biotechnology: pharmaceutical preparations,2026-10-09,own_assumption
BHC,Bausch Health Companies Inc. Common Stock,therapeutics,,nyse,Canada,,2300.0,mid_2_to_10,6.15,False,,,,,False,False,False,False,2021-02-02,industry,biotechnology: pharmaceutical preparations,2026-10-09,own_assumption
HRMY,Harmony Biosciences Holdings Inc. Common Stock,therapeutics,,nasdaq,United States,2020,2291.0,mid_2_to_10,39.34,False,,,,,True,True,False,False,2021-02-02,industry,biotechnology: pharmaceutical preparations,2026-10-09,own_assumption
RXRX,Recursion Pharmaceuticals Inc. Class A Common Stock,therapeutics,ai_platform,nasdaq,United States,2021,2285.9,mid_2_to_10,4.27,False,,,,,True,True,True,True,2021-05-01,override,biotechnology: biological products (no diagnostic substances),2026-10-09,own_assumption
ALVO,Alvotech Ordinary Shares,therapeutics,,nasdaq,Luxembourg,,2284.0,mid_2_to_10,5.85,False,,,,,False,True,False,False,2022-07-01,industry,biotechnology: biological products (no diagnostic substances),2026-10-09,own_assumption
SLS,SELLAS Life Sciences Group Inc. Common Stock,therapeutics,,nasdaq,United States,,2284.0,mid_2_to_10,11.31,False,,,,,True,True,True,False,2021-02-02,industry,biotechnology: pharmaceutical preparations,2026-10-09,own_assumption
ADMA,ADMA Biologics Inc Common Stock,therapeutics,,nasdaq,United States,,2271.2,mid_2_to_10,10.14,False,,,,,True,True,True,False,2021-02-02,industry,biotechnology: biological products (no diagnostic substances),2026-10-09,own_assumption
IMNM,Immunome Inc. Common Stock,therapeutics,,nasdaq,United States,2020,2253.3,mid_2_to_10,19.095,False,,,,,True,True,False,False,2021-02-02,industry,biotechnology: pharmaceutical preparations,2026-10-09,own_assumption
PHVS,Pharvaris N.V. Ordinary Shares,therapeutics,,nasdaq,Netherlands,2021,2207.0,mid_2_to_10,31.68,False,,,,,False,True,False,False,2021-03-02,industry,biotechnology: pharmaceutical preparations,2026-10-09,own_assumption
VERA,Vera Therapeutics Inc. Class A Common Stock,therapeutics,,nasdaq,United States,2021,2179.9,mid_2_to_10,30.25,False,,,,,True,True,False,False,2021-06-02,industry,biotechnology: pharmaceutical preparations,2026-10-09,own_assumption
BCRX,BioCryst Pharmaceuticals Inc. Common Stock,therapeutics,,nasdaq,United States,1994,2146.5,mid_2_to_10,8.4,False,,,,,True,True,False,False,2021-02-02,industry,biotechnology: biological products (no diagnostic substances),2026-10-09,own_assumption
AUPH,Aurinia Pharmaceuticals Inc Ordinary Shares,therapeutics,,nasdaq,Canada,,2130.1,mid_2_to_10,16.01,False,,,,,False,True,False,False,2021-02-02,industry,biotechnology: pharmaceutical preparations,2026-10-09,own_assumption
VCEL,Vericel Corporation Common Stock,therapeutics,,nasdaq,United States,,2086.2,mid_2_to_10,40.74,False,,,,,True,True,False,False,2021-02-02,industry,biotechnology: biological products (no diagnostic substances),2026-10-09,own_assumption
VRDN,Viridian Therapeutics Inc. Common Stock,therapeutics,,nasdaq,United States,2014,2071.0,mid_2_to_10,18.28,False,,,,,True,True,False,False,2021-02-02,industry,biotechnology: pharmaceutical preparations,2026-10-09,own_assumption
URGN,UroGen Pharma Ltd. Ordinary Shares,therapeutics,,nasdaq,Israel,2017,1989.4,small_0.3_to_2,40.7,False,,,,,False,True,False,False,2021-02-02,industry,biotechnology: pharmaceutical preparations,2026-10-09,own_assumption
LKFT,Lakefront Biotherapeutics American Depositary Shares,therapeutics,,nasdaq,Belgium,2015,1976.9,small_0.3_to_2,30.0,True,,,,,False,True,False,False,2026-06-02,industry,biotechnology: pharmaceutical preparations,2026-10-09,own_assumption
MLYS,Mineralys Therapeutics Inc. Common Stock,therapeutics,,nasdaq,United States,2023,1952.9,small_0.3_to_2,22.09,False,,,,,True,True,False,False,2023-03-01,industry,biotechnology: pharmaceutical preparations,2026-10-09,own_assumption
VIR,Vir Biotechnology Inc. Common Stock,therapeutics,,nasdaq,United States,2019,1949.4,small_0.3_to_2,11.52,False,,,,,True,True,False,False,2021-02-02,industry,biotechnology: biological products (no diagnostic substances),2026-10-09,own_assumption
GPCR,Structure Therapeutics Inc. American Depositary Shares,therapeutics,,nasdaq,United States,2023,1902.5,small_0.3_to_2,26.68,True,,,,,True,True,False,False,2023-03-01,industry,biotechnology: pharmaceutical preparations,2026-10-09,own_assumption
AGIO,Agios Pharmaceuticals Inc. Common Stock,therapeutics,,nasdaq,United States,2013,1897.9,small_0.3_to_2,31.79,False,,,,,True,True,False,False,2021-02-02,industry,biotechnology: pharmaceutical preparations,2026-10-09,own_assumption
ZYME,Zymeworks Inc. Common Stock,therapeutics,,nasdaq,United States,,1882.5,small_0.3_to_2,26.53,False,,,,,True,True,False,False,2021-02-02,industry,biotechnology: pharmaceutical preparations,2026-10-09,own_assumption
PVLA,Palvella Therapeutics Inc. Common Stock,therapeutics,,nasdaq,United States,,1881.6,small_0.3_to_2,130.59,False,,,,,True,True,False,False,2025-01-01,industry,biotechnology: pharmaceutical preparations,2026-10-09,own_assumption
TRVI,Trevi Therapeutics Inc. Common Stock,therapeutics,,nasdaq,United States,2019,1872.1,small_0.3_to_2,13.14,False,,,,,True,True,False,False,2021-02-02,industry,biotechnology: pharmaceutical preparations,2026-10-09,own_assumption
ADRX,ADARx Pharmaceuticals Inc. Common Stock,therapeutics,,nasdaq,United States,2026,1850.9,small_0.3_to_2,17.33,False,,,,,True,True,False,False,2026-10-01,industry,biotechnology: pharmaceutical preparations,2026-10-09,own_assumption
NVAX,Novavax Inc. Common Stock,therapeutics,,nasdaq,United States,,1850.7,small_0.3_to_2,11.22,False,,,,,True,True,False,False,2021-02-02,industry,biotechnology: biological products (no diagnostic substances),2026-10-09,own_assumption
SRPT,Sarepta Therapeutics Inc. Common Stock (DE),therapeutics,,nasdaq,United States,,1848.5,small_0.3_to_2,17.5,False,,,,,True,True,False,False,2021-02-02,industry,biotechnology: pharmaceutical preparations,2026-10-09,own_assumption
XERS,Xeris Biopharma Holdings Inc. Common Stock,therapeutics,,nasdaq,United States,2018,1843.3,small_0.3_to_2,10.11,False,,,,,True,True,False,False,2021-02-02,industry,biotechnology: pharmaceutical preparations,2026-10-09,own_assumption
ZBIO,Zenas BioPharma Inc. Common Stock,therapeutics,,nasdaq,United States,2024,1836.7,small_0.3_to_2,28.18,False,,,,,True,True,False,False,2024-10-01,industry,biotechnology: pharmaceutical preparations,2026-10-09,own_assumption
MESO,Mesoblast Limited American Depositary Shares,therapeutics,,nasdaq,Australia,2015,1813.4,small_0.3_to_2,13.94,True,,,,,False,True,False,False,2021-02-02,industry,biotechnology: biological products (no diagnostic substances),2026-10-09,own_assumption
XNCR,Xencor Inc. Common Stock,therapeutics,,nasdaq,United States,2013,1803.8,small_0.3_to_2,24.26,False,,,,,True,True,False,False,2021-02-02,industry,biotechnology: pharmaceutical preparations,2026-10-09,own_assumption
BHVN,Biohaven Ltd. Common Shares,therapeutics,,nyse,United States,2022,1794.4,small_0.3_to_2,11.88,False,,,,,True,False,False,False,2021-02-02,industry,biotechnology: pharmaceutical preparations,2026-10-09,own_assumption
GENB,Generate Biomedicines Inc. Common Stock,therapeutics,,nasdaq,United States,2026,1741.7,small_0.3_to_2,13.57,False,,,,,True,True,False,False,2026-03-03,industry,biotechnology: pharmaceutical preparations,2026-10-09,own_assumption
NUVB,Nuvation Bio Inc. Class A Common Stock,therapeutics,,nyse,United States,2020,1706.5,small_0.3_to_2,4.86,False,,,,,True,False,False,False,2021-03-02,industry,biotechnology: pharmaceutical preparations,2026-10-09,own_assumption
SEPN,Septerna Inc. Common Stock,therapeutics,,nasdaq,United States,2024,1680.4,small_0.3_to_2,36.0,False,,,,,True,True,False,False,2024-11-01,industry,biotechnology: pharmaceutical preparations,2026-10-09,own_assumption
BRVE,Braveheart Bio Inc. Common Stock,therapeutics,,nasdaq,United States,2026,1672.9,small_0.3_to_2,18.58,False,,,,,True,True,False,False,2026-09-01,industry,biotechnology: pharmaceutical preparations,2026-10-09,own_assumption
ANIP,ANI Pharmaceuticals Inc.,therapeutics,,nasdaq,United States,,1651.5,small_0.3_to_2,71.93,False,,,,,True,True,False,False,2021-02-02,industry,biotechnology: pharmaceutical preparations,2026-10-09,own_assumption
NTLA,Intellia Therapeutics Inc. Common Stock,therapeutics,,nasdaq,United States,2016,1640.9,small_0.3_to_2,11.71,False,,,,,True,True,True,True,2021-02-02,name_rescue,biotechnology: in vitro & in vivo diagnostic substances,2026-10-09,own_assumption
CMPS,COMPASS Pathways Plc American Depository Shares,therapeutics,,nasdaq,United Kingdom,2020,1618.8,small_0.3_to_2,11.69,False,,,,,False,True,False,False,2021-02-02,industry,biotechnology: pharmaceutical preparations,2026-10-09,own_assumption
QURE,uniQure N.V. Ordinary Shares,therapeutics,,nasdaq,Netherlands,2014,1605.1,small_0.3_to_2,23.14,False,,,,,False,True,False,False,2021-02-02,industry,biotechnology: pharmaceutical preparations,2026-10-09,own_assumption
OCUL,Ocular Therapeutix Inc. Common Stock,therapeutics,,nasdaq,United States,2014,1587.8,small_0.3_to_2,7.23,False,,,,,True,True,False,False,2021-02-02,industry,biotechnology: pharmaceutical preparations,2026-10-09,own_assumption
ABSI,Absci Corporation Common Stock,therapeutics,ai_platform,nasdaq,United States,2021,1582.3,small_0.3_to_2,9.22,False,,,,,True,True,True,True,2021-08-03,override,biotechnology: commercial physical & biological research,2026-10-09,own_assumption
ETON,Eton Pharmaceuticals Inc. Common Stock,therapeutics,,nasdaq,United States,2018,1568.6,small_0.3_to_2,54.88,False,,,,,True,True,True,False,2021-02-02,industry,biotechnology: pharmaceutical preparations,2026-10-09,own_assumption
STOK,Stoke Therapeutics Inc. Common Stock,therapeutics,,nasdaq,United States,2019,1567.3,small_0.3_to_2,24.29,False,,,,,True,True,False,False,2021-02-02,industry,biotechnology: pharmaceutical preparations,2026-10-09,own_assumption
PAHC,Phibro Animal Health Corporation Class A Common Stock,therapeutics,animal_health,nasdaq,United States,2014,1531.5,small_0.3_to_2,37.72,False,,,,,False,True,False,False,2021-02-02,override,biotechnology: pharmaceutical preparations,2026-10-09,own_assumption
INVA,Innoviva Inc. Common Stock,therapeutics,,nasdaq,United States,2004,1521.5,small_0.3_to_2,21.06,False,,,,,True,True,False,False,2021-02-02,industry,biotechnology: pharmaceutical preparations,2026-10-09,own_assumption
SNDX,Syndax Pharmaceuticals Inc. Common Stock,therapeutics,,nasdaq,United States,2016,1520.7,small_0.3_to_2,17.03,False,,,,,True,True,False,False,2021-02-02,industry,biotechnology: pharmaceutical preparations,2026-10-09,own_assumption
IMCR,Immunocore Holdings plc American Depositary Shares,therapeutics,,nasdaq,United Kingdom,2021,1514.6,small_0.3_to_2,29.41,True,,,,,False,True,False,False,2021-03-02,industry,biotechnology: biological products (no diagnostic substances),2026-10-09,own_assumption
RAPP,Rapport Therapeutics Inc. Common Stock,therapeutics,,nasdaq,United States,2024,1480.6,small_0.3_to_2,30.86,False,,,,,True,True,False,False,2024-07-02,industry,biotechnology: pharmaceutical preparations,2026-10-09,own_assumption
RARE,Ultragenyx Pharmaceutical Inc. Common Stock,therapeutics,,nasdaq,United States,2014,1468.0,small_0.3_to_2,14.89,False,,,,,True,True,False,False,2021-02-02,industry,biotechnology: pharmaceutical preparations,2026-10-09,own_assumption
MAZE,Maze Therapeutics Inc. Common Stock,therapeutics,,nasdaq,United States,2025,1458.2,small_0.3_to_2,26.25,False,,,,,True,True,False,False,2025-02-01,industry,biotechnology: biological products (no diagnostic substances),2026-10-09,own_assumption
GHRS,GH Research PLC Ordinary Shares,therapeutics,,nasdaq,Ireland,2021,1443.8,small_0.3_to_2,21.06,False,,,,,False,True,False,False,2021-07-01,industry,biotechnology: pharmaceutical preparations,2026-10-09,own_assumption
TSHA,Taysha Gene Therapies Inc. Common Stock,therapeutics,,nasdaq,United States,2020,1443.4,small_0.3_to_2,4.43,False,,,,,True,True,False,False,2021-02-02,industry,biotechnology: biological products (no diagnostic substances),2026-10-09,own_assumption
KRSA,Korsana Biosciences Inc. Common Stock,therapeutics,,nasdaq,United States,,1441.4,small_0.3_to_2,31.65,False,,,,,True,True,False,False,2026-10-01,industry,biotechnology: pharmaceutical preparations,2026-10-09,own_assumption
TYRA,Tyra Biosciences Inc. Common Stock,therapeutics,,nasdaq,United States,2021,1401.9,small_0.3_to_2,20.39,False,,,,,True,True,False,False,2021-10-01,industry,biotechnology: pharmaceutical preparations,2026-10-09,own_assumption
AAPG,Ascentage Pharma Group International American Depository Shares,therapeutics,,nasdaq,China,2025,1394.4,small_0.3_to_2,14.94,False,,,,,False,True,False,False,2025-02-01,industry,biotechnology: pharmaceutical preparations,2026-10-09,own_assumption
NKTR,Nektar Therapeutics  Common Stock,therapeutics,,nasdaq,United States,,1374.6,small_0.3_to_2,40.26,False,,,,,True,True,False,False,2021-02-02,industry,biotechnology: pharmaceutical preparations,2026-10-09,own_assumption
INBX,Inhibrx Biosciences Inc. Common Stock,therapeutics,,nasdaq,United States,,1374.0,small_0.3_to_2,93.36,False,,,,,True,True,False,False,2021-02-02,industry,biotechnology: biological products (no diagnostic substances),2026-10-09,own_assumption
KLRA,Kailera Therapeutics Inc. Common Stock,therapeutics,,nasdaq,United States,2026,1365.1,small_0.3_to_2,10.53,False,,,,,True,True,False,False,2026-05-01,industry,biotechnology: pharmaceutical preparations,2026-10-09,own_assumption
OMER,Omeros Corporation Common Stock,therapeutics,,nasdaq,United States,2009,1357.3,small_0.3_to_2,18.75,False,,,,,True,True,False,False,2021-02-02,industry,biotechnology: pharmaceutical preparations,2026-10-09,own_assumption
ANAB,AnaptysBio Inc. Common Stock,therapeutics,,nasdaq,United States,2017,1351.6,small_0.3_to_2,45.65,False,,,,,True,True,False,False,2021-02-02,industry,biotechnology: pharmaceutical preparations,2026-10-09,own_assumption
COAG,Hemab Therapeutics Holdings Inc. Common Stock,therapeutics,,nasdaq,United States,2026,1340.6,small_0.3_to_2,28.7,False,,,,,True,True,False,False,2026-06-02,industry,biotechnology: biological products (no diagnostic substances),2026-10-09,own_assumption
KARD,Kardigan Inc. Common Stock,therapeutics,,nasdaq,United States,2026,1293.2,small_0.3_to_2,13.83,False,,,,,True,True,False,False,2026-07-01,industry,biotechnology: pharmaceutical preparations,2026-10-09,own_assumption
NBTX,Nanobiotix S.A. American Depositary Shares,therapeutics,,nasdaq,France,2020,1250.9,small_0.3_to_2,24.62,True,,,,,False,True,False,False,2021-02-02,industry,biotechnology: pharmaceutical preparations,2026-10-09,own_assumption
DMRA,Damora Therapeutics Inc. Ordinary Shares,therapeutics,,nasdaq,Denmark,2020,1249.5,small_0.3_to_2,20.24,False,,,,,False,True,False,False,2026-04-01,industry,biotechnology: pharmaceutical preparations,2026-10-09,own_assumption
ORIC,Oric Pharmaceuticals Inc. Common Stock,therapeutics,,nasdaq,United States,2020,1244.9,small_0.3_to_2,12.01,False,,,,,True,True,False,False,2021-02-02,industry,biotechnology: pharmaceutical preparations,2026-10-09,own_assumption
REPL,Replimune Group Inc. Common Stock,therapeutics,,nasdaq,United States,2018,1243.7,small_0.3_to_2,13.2,False,,,,,True,True,True,False,2021-02-02,industry,biotechnology: biological products (no diagnostic substances),2026-10-09,own_assumption
HROW,Harrow Inc. Common Stock,therapeutics,,nasdaq,United States,,1147.9,small_0.3_to_2,30.62,False,,,,,True,True,True,False,2021-02-02,industry,biotechnology: pharmaceutical preparations,2026-10-09,own_assumption
AVLN,Avalyn Pharma Inc. Common Stock,therapeutics,,nasdaq,United States,2026,1131.8,small_0.3_to_2,25.53,False,,,,,True,True,False,False,2026-05-01,industry,biotechnology: pharmaceutical preparations,2026-10-09,own_assumption
IMTX,Immatics N.V. Ordinary Shares,therapeutics,,nasdaq,Germany,,1114.8,small_0.3_to_2,7.45,False,,,,,False,True,False,False,2021-02-02,industry,biotechnology: biological products (no diagnostic substances),2026-10-09,own_assumption
VOR,Vor Biopharma Inc. Common Stock,therapeutics,,nasdaq,United States,2021,1111.1,small_0.3_to_2,18.78,False,,,,,True,True,False,False,2021-03-02,industry,biotechnology: biological products (no diagnostic substances),2026-10-09,own_assumption
MNKD,MannKind Corporation Common Stock,therapeutics,,nasdaq,United States,2004,1109.3,small_0.3_to_2,3.45,False,,,,,True,True,False,False,2021-02-02,industry,biotechnology: pharmaceutical preparations,2026-10-09,own_assumption
LBRX,LB Pharmaceuticals Inc Common Stock,therapeutics,,nasdaq,United States,2025,1102.0,small_0.3_to_2,34.16,False,,,,,True,True,False,False,2025-10-01,industry,biotechnology: pharmaceutical preparations,2026-10-09,own_assumption
JANX,Janux Therapeutics Inc. Common Stock,therapeutics,,nasdaq,United States,2021,1095.6,small_0.3_to_2,17.92,False,,,,,True,True,False,False,2021-07-01,industry,biotechnology: pharmaceutical preparations,2026-10-09,own_assumption
TRAX,First Tracks Biotherapeutics Inc. Ordinary Shares,therapeutics,,nasdaq,United States,,1093.0,small_0.3_to_2,30.59,False,,,,,True,True,False,False,2026-05-01,industry,biotechnology: pharmaceutical preparations,2026-10-09,own_assumption
BCAX,Bicara Therapeutics Inc. Common Stock,therapeutics,,nasdaq,United States,2024,1086.6,small_0.3_to_2,16.42,False,,,,,True,True,False,False,2024-10-01,industry,biotechnology: pharmaceutical preparations,2026-10-09,own_assumption
AMPH,Amphastar Pharmaceuticals Inc. Common Stock,therapeutics,,nasdaq,United States,2014,1086.4,small_0.3_to_2,25.54,False,,,,,True,True,False,False,2021-02-02,industry,biotechnology: pharmaceutical preparations,2026-10-09,own_assumption
MGTX,MeiraGTx Holdings plc Ordinary Shares,therapeutics,,nasdaq,United States,2018,1039.2,small_0.3_to_2,10.82,False,,,,,True,True,False,False,2021-02-02,industry,biotechnology: biological products (no diagnostic substances),2026-10-09,own_assumption
OPK,OPKO Health Inc. Common Stock,therapeutics,,nasdaq,United States,,1037.4,small_0.3_to_2,1.39,False,,,,,True,True,False,False,2021-02-02,industry,biotechnology: pharmaceutical preparations,2026-10-09,own_assumption
LTGO,Latigo Biotherapeutics Inc. Common Stock,therapeutics,,nasdaq,United States,2026,1029.0,small_0.3_to_2,15.52,False,,,,,True,True,False,False,2026-09-01,industry,biotechnology: pharmaceutical preparations,2026-10-09,own_assumption
CGEM,Cullinan Therapeutics Inc. Common Stock,therapeutics,,nasdaq,United States,2021,1005.9,small_0.3_to_2,15.63,False,,,,,True,True,False,False,2021-02-02,industry,biotechnology: biological products (no diagnostic substances),2026-10-09,own_assumption
PCRX,Pacira BioSciences Inc. Common Stock,therapeutics,,nasdaq,United States,2011,1004.5,small_0.3_to_2,25.2,False,,,,,False,True,False,False,2021-02-02,industry,biotechnology: pharmaceutical preparations,2026-10-09,own_assumption
SVRA,Savara Inc. Common Stock,therapeutics,,nasdaq,United States,,1002.6,small_0.3_to_2,4.88,False,,,,,True,True,False,False,2021-02-02,industry,biotechnology: pharmaceutical preparations,2026-10-09,own_assumption
AKTS,Aktis Oncology Inc. Common stock,therapeutics,,nasdaq,United States,2026,1001.2,small_0.3_to_2,18.0,False,,,,,True,True,False,False,2021-02-02,industry,biotechnology: pharmaceutical preparations,2026-10-09,own_assumption
SPTX,Seaport Therapeutics Inc. Common Stock,therapeutics,,nasdaq,United States,2026,959.8,small_0.3_to_2,17.93,False,,,,,True,True,False,False,2026-06-02,industry,biotechnology: pharmaceutical preparations,2026-10-09,own_assumption
KURA,Kura Oncology Inc. Common Stock,therapeutics,,nasdaq,United States,,949.2,small_0.3_to_2,10.67,False,,,,,True,True,False,False,2021-02-02,industry,biotechnology: pharmaceutical preparations,2026-10-09,own_assumption
ANRO,Alto Neuroscience Inc. Common Stock,therapeutics,,nyse,United States,2024,923.0,small_0.3_to_2,23.52,False,,,,,True,False,False,False,2024-03-01,industry,biotechnology: pharmaceutical preparations,2026-10-09,own_assumption
MLTX,MoonLake Immunotherapeutics Class A Ordinary Shares,therapeutics,,nasdaq,United States,2020,916.6,small_0.3_to_2,10.77,False,,,,,True,True,False,False,2022-05-03,industry,biotechnology: pharmaceutical preparations,2026-10-09,own_assumption
ANL,Adlai Nortye Group Ltd. American Depositary Shares,therapeutics,,nasdaq,Cayman Islands,2023,904.8,small_0.3_to_2,14.05,True,,,,,False,True,False,False,2023-10-03,industry,biotechnology: pharmaceutical preparations,2026-10-09,own_assumption
RIGL,Rigel Pharmaceuticals Inc. Common Stock,therapeutics,,nasdaq,United States,2000,896.4,small_0.3_to_2,47.99,False,,,,,True,True,False,False,2021-02-02,industry,biotechnology: pharmaceutical preparations,2026-10-09,own_assumption
CYRX,CryoPort Inc. Common Stock,therapeutics,,nasdaq,United States,,878.8,small_0.3_to_2,17.35,False,,,,,True,True,False,False,2021-02-02,industry,biotechnology: pharmaceutical preparations,2026-10-09,own_assumption
ALMS,Alumis Inc. Common Stock,therapeutics,,nasdaq,United States,2024,876.3,small_0.3_to_2,6.77,False,,,,,True,True,False,False,2024-07-02,industry,biotechnology: pharmaceutical preparations,2026-10-09,own_assumption
CRVS,Corvus Pharmaceuticals Inc. Common Stock,therapeutics,,nasdaq,United States,2016,875.7,small_0.3_to_2,10.41,False,,,,,True,True,False,False,2021-02-02,industry,biotechnology: pharmaceutical preparations,2026-10-09,own_assumption
JBIO,Jade Biosciences Inc. Common Stock,therapeutics,,nasdaq,United States,2021,875.7,small_0.3_to_2,13.77,False,,,,,True,True,False,False,2025-05-01,industry,biotechnology: pharmaceutical preparations,2026-10-09,own_assumption
ODTX,Odyssey Therapeutics Inc. Common Stock,therapeutics,,nasdaq,United States,2026,868.9,small_0.3_to_2,18.08,False,,,,,True,True,False,False,2026-06-02,industry,biotechnology: biological products (no diagnostic substances),2026-10-09,own_assumption
GLUE,Monte Rosa Therapeutics Inc. Common Stock,therapeutics,,nasdaq,United States,2021,867.6,small_0.3_to_2,10.17,False,,,,,True,True,False,False,2021-07-01,industry,biotechnology: biological products (no diagnostic substances),2026-10-09,own_assumption
ABUS,Arbutus Biopharma Corporation Common Stock,therapeutics,,nasdaq,Canada,,848.8,small_0.3_to_2,4.29,False,,,,,False,True,False,False,2021-02-02,industry,biotechnology: pharmaceutical preparations,2026-10-09,own_assumption
SLBT,SL Science Holding Limited Ordinary Shares,therapeutics,,nasdaq,Taiwan,,846.7,small_0.3_to_2,1.51,False,,,,,False,True,False,False,2026-07-01,industry,biotechnology: biological products (no diagnostic substances),2026-10-09,own_assumption
AVBP,ArriVent BioPharma Inc. Common Stock,therapeutics,,nasdaq,United States,2024,832.8,small_0.3_to_2,16.89,False,,,,,True,True,False,False,2024-02-01,industry,biotechnology: pharmaceutical preparations,2026-10-09,own_assumption
OBX,Obsidian Therapeutics Inc. Common Stock,therapeutics,,nasdaq,United States,,815.4,small_0.3_to_2,13.2,False,,,,,True,True,False,False,2026-09-01,industry,biotechnology: pharmaceutical preparations,2026-10-09,own_assumption
SANA,Sana Biotechnology Inc. Common Stock,therapeutics,,nasdaq,United States,2021,814.3,small_0.3_to_2,2.72,False,,,,,True,True,False,False,2021-03-02,industry,biotechnology: biological products (no diagnostic substances),2026-10-09,own_assumption
ARDX,Ardelyx Inc. Common Stock,therapeutics,,nasdaq,United States,2014,812.4,small_0.3_to_2,3.26,False,,,,,True,True,True,False,2021-02-02,industry,biotechnology: pharmaceutical preparations,2026-10-09,own_assumption
IVA,Inventiva S.A. American Depository Shares,therapeutics,,nasdaq,France,2020,795.1,small_0.3_to_2,3.365,False,,,,,False,True,False,False,2021-02-02,industry,biotechnology: pharmaceutical preparations,2026-10-09,own_assumption
IMMX,Immix Biopharma Inc. Common Stock,therapeutics,,nasdaq,United States,2021,786.7,small_0.3_to_2,9.49,False,,,,,True,True,False,False,2022-01-01,industry,biotechnology: pharmaceutical preparations,2026-10-09,own_assumption
GYRE,Gyre Therapeutics Inc. Common Stock,therapeutics,,nasdaq,United States,2006,785.0,small_0.3_to_2,7.04,False,,,,,True,True,False,False,2023-11-01,industry,biotechnology: pharmaceutical preparations,2026-10-09,own_assumption
LXRX,Lexicon Pharmaceuticals Inc. Common Stock,therapeutics,,nasdaq,United States,,783.1,small_0.3_to_2,1.76,False,,,,,True,True,False,False,2021-02-02,industry,biotechnology: pharmaceutical preparations,2026-10-09,own_assumption
GERN,Geron Corporation Common Stock,therapeutics,,nasdaq,United States,1996,771.0,small_0.3_to_2,1.2,False,,,,,True,True,False,False,2021-02-02,industry,biotechnology: pharmaceutical preparations,2026-10-09,own_assumption
HELP,Helus Pharma Inc. Common Stock,therapeutics,,nasdaq,Canada,,767.9,small_0.3_to_2,10.51,False,,,,,False,True,False,False,2026-02-03,industry,biotechnology: pharmaceutical preparations,2026-10-09,own_assumption
ANNX,Annexon Inc. Common Stock,therapeutics,,nasdaq,United States,2020,760.2,small_0.3_to_2,4.01,False,,,,,True,True,False,False,2021-02-02,industry,biotechnology: pharmaceutical preparations,2026-10-09,own_assumption
CADL,Candel Therapeutics Inc. Common Stock,therapeutics,,nasdaq,United States,2021,751.4,small_0.3_to_2,9.82,False,,,,,True,True,False,False,2021-08-03,industry,biotechnology: biological products (no diagnostic substances),2026-10-09,own_assumption
APMD,Apnimed Inc. Common Stock,therapeutics,,nasdaq,United States,2026,751.0,small_0.3_to_2,18.04,False,,,,,True,True,False,False,2026-08-01,industry,biotechnology: pharmaceutical preparations,2026-10-09,own_assumption
ATTO,Attovia Therapeutics Inc. Common Stock,therapeutics,,nasdaq,United States,2026,749.6,small_0.3_to_2,16.42,False,,,,,True,True,False,False,2021-02-02,industry,biotechnology: biological products (no diagnostic substances),2026-10-09,own_assumption
VSTM,Verastem Inc. Common Stock,therapeutics,,nasdaq,United States,2012,748.5,small_0.3_to_2,8.265,False,,,,,True,True,False,False,2021-02-02,industry,biotechnology: pharmaceutical preparations,2026-10-09,own_assumption
ACHV,Achieve Life Sciences Inc. Common Shares,therapeutics,clinical,nasdaq,United States,,745.0,small_0.3_to_2,7.24,False,,,,,True,True,False,False,2021-02-02,override,biotechnology: in vitro & in vivo diagnostic substances,2026-10-09,own_assumption
SLDB,Solid Biosciences Inc. Common Stock,therapeutics,,nasdaq,United States,2018,734.5,small_0.3_to_2,6.85,False,,,,,True,True,False,False,2021-02-02,industry,biotechnology: biological products (no diagnostic substances),2026-10-09,own_assumption
DSGN,Design Therapeutics Inc. Common Stock,therapeutics,,nasdaq,United States,2021,731.6,small_0.3_to_2,11.69,False,,,,,True,True,False,False,2021-04-01,industry,biotechnology: pharmaceutical preparations,2026-10-09,own_assumption
AVTX,Avalo Therapeutics Inc. Common Stock,therapeutics,,nasdaq,United States,2015,728.3,small_0.3_to_2,13.58,False,,,,,True,True,False,False,2021-09-01,industry,biotechnology: pharmaceutical preparations,2026-10-09,own_assumption
COLL,Collegium Pharmaceutical Inc. Common Stock,therapeutics,,nasdaq,United States,2015,713.9,small_0.3_to_2,21.93,False,,,,,True,True,False,False,2021-02-02,industry,biotechnology: pharmaceutical preparations,2026-10-09,own_assumption
PRME,Prime Medicine Inc. Common Stock,therapeutics,,nasdaq,United States,2022,707.4,small_0.3_to_2,3.9,False,,,,,True,True,True,True,2022-11-01,industry,biotechnology: biological products (no diagnostic substances),2026-10-09,own_assumption
WVE,Wave Life Sciences Inc. Common Stock,therapeutics,,nasdaq,Singapore,2015,697.6,small_0.3_to_2,3.54,False,,,,,False,True,False,False,2021-02-02,industry,biotechnology: pharmaceutical preparations,2026-10-09,own_assumption
FDMT,4D Molecular Therapeutics Inc. Common Stock,therapeutics,,nasdaq,United States,2020,695.5,small_0.3_to_2,12.59,False,,,,,True,True,False,False,2021-02-02,industry,biotechnology: biological products (no diagnostic substances),2026-10-09,own_assumption
OLMA,Olema Pharmaceuticals Inc. Common Stock,therapeutics,,nasdaq,United States,2020,694.7,small_0.3_to_2,7.94,False,,,,,True,True,False,False,2021-02-02,industry,biotechnology: pharmaceutical preparations,2026-10-09,own_assumption
PHAR,Pharming Group N.V. ADS each representing 10 ordinary shares,therapeutics,,nasdaq,Netherlands,,681.5,small_0.3_to_2,9.65,True,,,,,False,True,False,False,2021-02-02,industry,biotechnology: pharmaceutical preparations,2026-10-09,own_assumption
AURA,Aura Biosciences Inc. Common Stock,therapeutics,,nasdaq,United States,2021,669.9,small_0.3_to_2,6.46,False,,,,,True,True,False,False,2021-11-02,industry,biotechnology: biological products (no diagnostic substances),2026-10-09,own_assumption
NVCT,Nuvectis Pharma Inc. Common Stock,therapeutics,,nasdaq,United States,2022,661.7,small_0.3_to_2,20.29,False,,,,,True,True,False,False,2022-03-01,industry,biotechnology: pharmaceutical preparations,2026-10-09,own_assumption
ZVRA,Zevra Therapeutics Inc. Common Stock,therapeutics,,nasdaq,United States,,658.0,small_0.3_to_2,11.08,False,,,,,True,True,False,False,2023-04-01,industry,biotechnology: pharmaceutical preparations,2026-10-09,own_assumption
FTH,Faeth Therapeutics Inc. Common Stock,therapeutics,,nasdaq,United States,2021,643.9,small_0.3_to_2,24.92,False,,,,,True,True,False,False,2026-07-01,industry,biotechnology: pharmaceutical preparations,2026-10-09,own_assumption
SGMT,Sagimet Biosciences Inc. Series A Common Stock,therapeutics,,nasdaq,United States,2023,626.3,small_0.3_to_2,8.88,False,,,,,True,True,False,False,2023-08-01,industry,biotechnology: pharmaceutical preparations,2026-10-09,own_assumption
IRWD,Ironwood Pharmaceuticals Inc. Class A Common Stock,therapeutics,,nasdaq,United States,2010,619.6,small_0.3_to_2,3.75,False,,,,,True,True,False,False,2021-02-02,industry,biotechnology: pharmaceutical preparations,2026-10-09,own_assumption
CLYM,Climb Bio Inc. Common Stock,therapeutics,,nasdaq,United States,2021,615.1,small_0.3_to_2,10.71,False,,,,,True,True,False,False,2024-11-01,industry,biotechnology: pharmaceutical preparations,2026-10-09,own_assumption
SLN,Silence Therapeutics Plc American Depository Share,therapeutics,,nasdaq,United Kingdom,,610.4,small_0.3_to_2,9.82,False,,,,,False,True,False,False,2021-02-02,industry,biotechnology: pharmaceutical preparations,2026-10-09,own_assumption
MPLT,MapLight Therapeutics Inc. Common Stock,therapeutics,,nasdaq,United States,2025,606.3,small_0.3_to_2,9.36,False,,,,,True,True,False,False,2025-11-01,industry,biotechnology: pharmaceutical preparations,2026-10-09,own_assumption
AQST,Aquestive Therapeutics Inc. Common Stock,therapeutics,,nasdaq,United States,2018,579.9,small_0.3_to_2,4.62,False,,,,,True,True,False,False,2021-02-02,industry,biotechnology: pharmaceutical preparations,2026-10-09,own_assumption
DBVT,DBV Technologies S.A. American Depositary Shares,therapeutics,,nasdaq,France,2014,578.2,small_0.3_to_2,9.77,True,,,,,False,True,False,False,2021-02-02,industry,biotechnology: biological products (no diagnostic substances),2026-10-09,own_assumption
ETRA,Electra Therapeutics Inc. Common stock,therapeutics,,nasdaq,United States,2026,574.9,small_0.3_to_2,9.16,False,,,,,True,True,False,False,2026-10-01,industry,biotechnology: biological products (no diagnostic substances),2026-10-09,own_assumption
EVO,Evotec SE American Depositary Shares,therapeutics,,nasdaq,Germany,2021,572.8,small_0.3_to_2,1.61,True,,,,,False,True,False,False,2021-12-01,industry,biotechnology: pharmaceutical preparations,2026-10-09,own_assumption
STTK,Shattuck Labs Inc. Common Stock,therapeutics,,nasdaq,United States,2020,567.6,small_0.3_to_2,5.655,False,,,,,True,True,False,False,2021-02-02,industry,biotechnology: pharmaceutical preparations,2026-10-09,own_assumption
CRMD,CorMedix Inc. Common Stock,therapeutics,,nasdaq,United States,,567.4,small_0.3_to_2,7.28,False,,,,,True,True,False,False,2021-02-02,industry,biotechnology: pharmaceutical preparations,2026-10-09,own_assumption
MNPR,Monopar Therapeutics Inc. Common Stock,therapeutics,,nasdaq,United States,2019,562.3,small_0.3_to_2,83.78,False,,,,,True,True,False,False,2021-02-02,industry,biotechnology: pharmaceutical preparations,2026-10-09,own_assumption
VALN,Valneva SE American Depositary Shares,therapeutics,,nasdaq,France,2021,557.0,small_0.3_to_2,5.87,True,,,,,False,True,False,False,2021-06-02,industry,biotechnology: biological products (no diagnostic substances),2026-10-09,own_assumption
CTMX,CytomX Therapeutics Inc. Common Stock,therapeutics,,nasdaq,United States,2015,555.6,small_0.3_to_2,2.55,False,,,,,True,True,False,False,2021-02-02,industry,biotechnology: pharmaceutical preparations,2026-10-09,own_assumption
PHAT,Phathom Pharmaceuticals Inc. Common Stock,therapeutics,,nasdaq,United States,2019,550.9,small_0.3_to_2,6.81,False,,,,,True,True,False,False,2021-02-02,industry,biotechnology: pharmaceutical preparations,2026-10-09,own_assumption
BLSM,BlossomHill Therapeutics Inc. Common Stock,therapeutics,,nasdaq,United States,2026,527.9,small_0.3_to_2,16.61,False,,,,,True,True,False,False,2026-09-01,industry,biotechnology: pharmaceutical preparations,2026-10-09,own_assumption
OCS,Oculis Holding AG Ordinary shares,therapeutics,,nasdaq,Switzerland,,523.5,small_0.3_to_2,8.5,False,,,,,False,True,False,False,2023-04-01,industry,biotechnology: pharmaceutical preparations,2026-10-09,own_assumption
NGNE,Neurogene Inc. Common Stock,therapeutics,,nasdaq,Canada,2014,517.7,small_0.3_to_2,25.87,False,,,,,False,True,False,False,2024-01-03,industry,biotechnology: pharmaceutical preparations,2026-10-09,own_assumption
ALT,Altimmune Inc. Common Stock,therapeutics,,nasdaq,United States,,517.4,small_0.3_to_2,2.66,False,,,,,True,True,False,False,2021-02-02,industry,biotechnology: pharmaceutical preparations,2026-10-09,own_assumption
EPRX,Eupraxia Pharmaceuticals Inc. Common Stock,therapeutics,,nasdaq,Canada,,512.8,small_0.3_to_2,7.78,False,,,,,False,True,False,False,2024-05-01,industry,pharmaceuticals and biotechnology,2026-10-09,own_assumption
EOLS,Evolus Inc. Common Stock,therapeutics,,nasdaq,United States,2018,511.2,small_0.3_to_2,7.74,False,,,,,True,True,False,False,2021-02-02,industry,biotechnology: pharmaceutical preparations,2026-10-09,own_assumption
DRUG,Bright Minds Biosciences Inc. Common Stock,therapeutics,,nasdaq,Canada,,510.6,small_0.3_to_2,52.0,False,,,,,False,True,False,False,2021-12-01,industry,biotechnology: pharmaceutical preparations,2026-10-09,own_assumption
PBYI,Puma Biotechnology Inc Common Stock,therapeutics,,nasdaq,United States,,506.4,small_0.3_to_2,9.81,False,,,,,True,True,False,False,2021-02-02,industry,biotechnology: pharmaceutical preparations,2026-10-09,own_assumption
RGNX,REGENXBIO Inc. Common Stock,therapeutics,,nasdaq,United States,2015,501.4,small_0.3_to_2,7.595,False,,,,,True,True,False,False,2021-02-02,industry,biotechnology: biological products (no diagnostic substances),2026-10-09,own_assumption
CBIO,Crescent Biopharma Inc. Common Stock,therapeutics,,nasdaq,United States,2014,501.1,small_0.3_to_2,13.49,False,,,,,True,True,False,False,2021-02-02,industry,biotechnology: pharmaceutical preparations,2026-10-09,own_assumption
ACRS,Aclaris Therapeutics Inc. Common Stock,therapeutics,,nasdaq,United States,2015,500.5,small_0.3_to_2,3.4,False,,,,,True,True,False,False,2021-02-02,industry,biotechnology: pharmaceutical preparations,2026-10-09,own_assumption
ALLO,Allogene Therapeutics Inc. Common Stock,therapeutics,,nasdaq,United States,2018,494.1,small_0.3_to_2,1.43,False,,,,,False,True,False,False,2021-02-02,industry,biotechnology: biological products (no diagnostic substances),2026-10-09,own_assumption
ARVN,Arvinas Inc. Common Stock,therapeutics,,nasdaq,United States,2018,487.1,small_0.3_to_2,7.45,False,,,,,False,True,False,False,2021-02-02,industry,biotechnology: pharmaceutical preparations,2026-10-09,own_assumption
AUTL,Autolus Therapeutics plc American Depositary Share,therapeutics,,nasdaq,United Kingdom,2018,481.8,small_0.3_to_2,1.81,True,,,,,False,True,False,False,2021-02-02,industry,biotechnology: biological products (no diagnostic substances),2026-10-09,own_assumption
CTNM,Contineum Therapeutics Inc. Class A Common Stock,therapeutics,,nasdaq,United States,2024,478.9,small_0.3_to_2,12.73,False,,,,,False,True,False,False,2024-05-01,industry,biotechnology: pharmaceutical preparations,2026-10-09,own_assumption
PROK,ProKidney Corp. Class A Ordinary Shares,therapeutics,,nasdaq,United States,2021,474.6,small_0.3_to_2,1.57,False,,,,,False,True,False,False,2022-08-02,industry,biotechnology: biological products (no diagnostic substances),2026-10-09,own_assumption
CAPR,Capricor Therapeutics Inc. Common Stock,therapeutics,,nasdaq,United States,,470.9,small_0.3_to_2,8.1,False,,,,,False,True,False,False,2021-02-02,industry,biotechnology: pharmaceutical preparations,2026-10-09,own_assumption
ASMB,Assembly Biosciences Inc. Common Stock,therapeutics,,nasdaq,United States,2010,467.3,small_0.3_to_2,22.95,False,,,,,False,True,False,False,2021-02-02,industry,biotechnology: pharmaceutical preparations,2026-10-09,own_assumption
OVID,Ovid Therapeutics Inc. Common Stock,therapeutics,,nasdaq,United States,2017,460.9,small_0.3_to_2,2.36,False,,,,,False,True,False,False,2021-02-02,industry,biotechnology: pharmaceutical preparations,2026-10-09,own_assumption
KMDA,Kamada Ltd. Ordinary Shares,therapeutics,,nasdaq,Israel,2013,455.3,small_0.3_to_2,7.89,False,,,,,False,True,False,False,2021-02-02,industry,biotechnology: pharmaceutical preparations,2026-10-09,own_assumption
TECX,Tectonic Therapeutic Inc. Common Stock,therapeutics,,nasdaq,United States,2018,444.0,small_0.3_to_2,22.71,False,,,,,False,True,False,False,2024-07-02,industry,biotechnology: biological products (no diagnostic substances),2026-10-09,own_assumption
ENTX,Entera Bio Ltd. Ordinary Shares,therapeutics,,nasdaq,Israel,2018,436.5,small_0.3_to_2,2.51,False,,,,,False,True,False,False,2021-02-02,industry,biotechnology: biological products (no diagnostic substances),2026-10-09,own_assumption
PRTA,Prothena Corporation plc Ordinary Shares,therapeutics,,nasdaq,United States,,435.3,small_0.3_to_2,8.48,False,,,,,False,True,False,False,2021-02-02,industry,biotechnology: pharmaceutical preparations,2026-10-09,own_assumption
SPRY,ARS Pharmaceuticals Inc. Common Stock,therapeutics,,nasdaq,United States,2020,433.6,small_0.3_to_2,4.36,False,,,,,False,True,True,False,2022-12-01,industry,biotechnology: pharmaceutical preparations,2026-10-09,own_assumption
AGMB,AgomAb Therapeutics NV American Depositary Shares,therapeutics,,nasdaq,Belgium,2026,433.4,small_0.3_to_2,8.8,True,,,,,False,True,False,False,2026-03-03,industry,biotechnology: biological products (no diagnostic substances),2026-10-09,own_assumption
DMAC,DiaMedica Therapeutics Inc. Common Stock,therapeutics,,nasdaq,United States,2018,430.9,small_0.3_to_2,7.99,False,,,,,False,True,False,False,2021-02-02,industry,biotechnology: pharmaceutical preparations,2026-10-09,own_assumption
RZLT,Rezolute Inc. Common Stock (NV),therapeutics,,nasdaq,United States,,423.6,small_0.3_to_2,4.38,False,,,,,False,True,False,False,2021-02-02,industry,biotechnology: pharmaceutical preparations,2026-10-09,own_assumption
EDIT,Editas Medicine Inc. Common Stock,therapeutics,,nasdaq,United States,2016,422.3,small_0.3_to_2,2.75,False,,,,,False,True,False,False,2021-02-02,industry,biotechnology: biological products (no diagnostic substances),2026-10-09,own_assumption
EIKN,Eikon Therapeutics Inc. Common Stock,therapeutics,,nasdaq,United States,2026,408.4,small_0.3_to_2,7.54,False,,,,,False,True,False,False,2026-03-03,industry,biotechnology: biological products (no diagnostic substances),2026-10-09,own_assumption
AVIR,Atea Pharmaceuticals Inc. Common Stock,therapeutics,,nasdaq,United States,2020,401.8,small_0.3_to_2,5.01,False,,,,,False,True,False,False,2021-02-02,industry,biotechnology: pharmaceutical preparations,2026-10-09,own_assumption
ZURA,Zura Bio Limited Class A Ordinary Shares,therapeutics,,nasdaq,Cayman Islands,,399.6,small_0.3_to_2,4.17,False,,,,,False,True,False,False,2023-04-01,industry,biotechnology: biological products (no diagnostic substances),2026-10-09,own_assumption
KYTX,Kyverna Therapeutics Inc. Common Stock,therapeutics,,nasdaq,United States,2024,381.6,small_0.3_to_2,6.17,False,,,,,False,True,False,False,2024-03-01,industry,biotechnology: biological products (no diagnostic substances),2026-10-09,own_assumption
IRD,Opus Genetics Inc. Common Stock,therapeutics,,nasdaq,United States,,366.9,small_0.3_to_2,4.41,False,,,,,False,True,False,False,2024-11-01,industry,biotechnology: pharmaceutical preparations,2026-10-09,own_assumption
GALT,Galectin Therapeutics Inc. Common Stock,therapeutics,,nasdaq,United States,,365.8,small_0.3_to_2,3.62,False,,,,,False,True,False,False,2021-02-02,industry,biotechnology: pharmaceutical preparations,2026-10-09,own_assumption
FENC,Fennec Pharmaceuticals Inc. Common Stock,therapeutics,,nasdaq,United States,,363.0,small_0.3_to_2,10.36,False,,,,,False,True,False,False,2021-02-02,industry,biotechnology: biological products (no diagnostic substances),2026-10-09,own_assumption
ARCT,Arcturus Therapeutics Holdings Inc. Common Stock,therapeutics,,nasdaq,Israel,2013,362.8,small_0.3_to_2,12.765,False,,,,,False,True,False,False,2021-02-02,industry,biotechnology: pharmaceutical preparations,2026-10-09,own_assumption
EBS,Emergent BioSolutions Inc. Common Stock,therapeutics,,nyse,United States,2006,362.5,small_0.3_to_2,7.07,False,,,,,False,False,False,False,2021-02-02,industry,biotechnology: pharmaceutical preparations,2026-10-09,own_assumption
TTRX,Turn Therapeutics Inc. Common Stock,therapeutics,,nasdaq,United States,,360.4,small_0.3_to_2,12.1,False,,,,,False,True,False,False,2025-11-01,industry,biotechnology: pharmaceutical preparations,2026-10-09,own_assumption
ENTA,Enanta Pharmaceuticals Inc. Common Stock,therapeutics,,nasdaq,United States,2013,360.3,small_0.3_to_2,12.37,False,,,,,False,True,False,False,2021-02-02,industry,biotechnology: pharmaceutical preparations,2026-10-09,own_assumption
CCCC,C4 Therapeutics Inc. Common Stock,therapeutics,,nasdaq,United States,2020,346.9,small_0.3_to_2,2.82,False,,,,,False,True,False,False,2021-02-02,industry,biotechnology: biological products (no diagnostic substances),2026-10-09,own_assumption
RLMD,Relmada Therapeutics Inc. Common Stock,therapeutics,,nasdaq,United States,,346.7,small_0.3_to_2,3.25,False,,,,,False,True,False,False,2021-02-02,industry,biotechnology: pharmaceutical preparations,2026-10-09,own_assumption
ARTV,Artiva Biotherapeutics Inc. Common Stock,therapeutics,,nasdaq,United States,2024,342.2,small_0.3_to_2,7.0,False,,,,,False,True,False,False,2024-08-01,industry,biotechnology: biological products (no diagnostic substances),2026-10-09,own_assumption
AGEN,Agenus Inc. Common Stock,therapeutics,,nasdaq,United States,2000,341.9,small_0.3_to_2,7.57,False,,,,,False,True,False,False,2021-02-02,industry,biotechnology: biological products (no diagnostic substances),2026-10-09,own_assumption
OCGN,Ocugen Inc. Common Stock,therapeutics,,nasdaq,United States,2014,339.1,small_0.3_to_2,1.0,False,,,,,False,True,False,False,2021-02-02,industry,biotechnology: biological products (no diagnostic substances),2026-10-09,own_assumption
CABA,Cabaletta Bio Inc. Common Stock,therapeutics,,nasdaq,United States,2019,334.0,small_0.3_to_2,1.97,False,,,,,False,True,False,False,2021-02-02,industry,biotechnology: biological products (no diagnostic substances),2026-10-09,own_assumption
SCTX,Scribe Therapeutics Inc. Common Stock,therapeutics,,nasdaq,United States,2026,332.6,small_0.3_to_2,17.57,False,,,,,False,True,False,False,2026-08-01,industry,biotechnology: biological products (no diagnostic substances),2026-10-09,own_assumption
CYPH,Cypherpunk Technologies Inc. Common Stock,therapeutics,,nasdaq,United States,,328.7,small_0.3_to_2,3.05,False,,,,,False,True,False,False,2025-12-02,industry,biotechnology: pharmaceutical preparations,2026-10-09,own_assumption
BNTC,Benitec Biopharma Inc. Common Stock,therapeutics,,nasdaq,United States,2015,313.6,small_0.3_to_2,8.99,False,,,,,False,True,False,False,2021-02-02,industry,biotechnology: pharmaceutical preparations,2026-10-09,own_assumption
PRLD,Prelude Therapeutics Incorporated Common Stock,therapeutics,,nasdaq,United States,2020,305.6,small_0.3_to_2,3.83,False,,,,,False,True,False,False,2021-02-02,industry,biotechnology: pharmaceutical preparations,2026-10-09,own_assumption
INDP,Indaptus Therapeutics Inc. Common Stock,therapeutics,,nasdaq,United States,,301.1,small_0.3_to_2,2.26,False,,,,,False,True,False,False,2021-09-01,industry,biotechnology: pharmaceutical preparations,2026-10-09,own_assumption
SRZN,Surrozen Inc. Common Stock,therapeutics,,nasdaq,United States,,295.5,micro_under_0.3,25.145,False,,,,,False,True,False,False,2021-09-01,industry,biotechnology: biological products (no diagnostic substances),2026-10-09,own_assumption
ABEO,Abeona Therapeutics Inc. Common Stock,therapeutics,,nasdaq,United States,,290.5,micro_under_0.3,5.08,False,,,,,False,True,False,False,2021-02-02,industry,biotechnology: pharmaceutical preparations,2026-10-09,own_assumption
BIOA,BioAge Labs Inc. Common Stock,therapeutics,,nasdaq,United States,2024,287.3,micro_under_0.3,6.26,False,,,,,False,True,False,False,2024-10-01,industry,biotechnology: pharmaceutical preparations,2026-10-09,own_assumption
EYPT,EyePoint Inc. Common Stock,therapeutics,clinical,nasdaq,United States,,286.2,micro_under_0.3,3.32,False,,,,,False,True,False,False,2021-02-02,override,biotechnology: laboratory analytical instruments,2026-10-09,own_assumption
LRMR,Larimar Therapeutics Inc. Common Stock,therapeutics,,nasdaq,United States,2014,285.7,micro_under_0.3,2.75,False,,,,,False,True,False,False,2021-02-02,industry,biotechnology: pharmaceutical preparations,2026-10-09,own_assumption
CATX,Perspective Therapeutics Inc. Common Stock,therapeutics,,amex,United States,,280.8,micro_under_0.3,2.46,False,,,,,False,False,False,False,2023-03-01,industry,biotechnology: pharmaceutical preparations,2026-10-09,own_assumption
FULC,Fulcrum Therapeutics Inc. Common Stock,therapeutics,,nasdaq,United States,2019,280.0,micro_under_0.3,3.67,False,,,,,False,True,False,False,2021-02-02,industry,biotechnology: pharmaceutical preparations,2026-10-09,own_assumption
XFOR,X4 Pharmaceuticals Inc. Common Stock,therapeutics,,nasdaq,United States,2017,278.6,micro_under_0.3,2.81,False,,,,,False,True,False,False,2021-02-02,industry,biotechnology: biological products (no diagnostic substances),2026-10-09,own_assumption
RCKT,Rocket Pharmaceuticals Inc. Common Stock,therapeutics,,nasdaq,United States,2015,278.3,micro_under_0.3,2.535,False,,,,,False,True,False,False,2021-02-02,industry,biotechnology: pharmaceutical preparations,2026-10-09,own_assumption
BBOT,BridgeBio Oncology Therapeutics Inc. Common Stock,therapeutics,,nasdaq,United States,2024,275.8,micro_under_0.3,3.44,False,,,,,False,True,False,False,2025-09-03,industry,biotechnology: pharmaceutical preparations,2026-10-09,own_assumption
VNDA,Vanda Pharmaceuticals Inc. Common Stock,therapeutics,,nasdaq,United States,2006,275.7,micro_under_0.3,4.56,False,,,,,False,True,False,False,2021-02-02,industry,biotechnology: pharmaceutical preparations,2026-10-09,own_assumption
LXEO,Lexeo Therapeutics Inc. Common Stock,therapeutics,,nasdaq,United States,2023,271.6,micro_under_0.3,3.31,False,,,,,False,True,False,False,2023-12-01,industry,biotechnology: biological products (no diagnostic substances),2026-10-09,own_assumption
IKT,Inhibikase Therapeutics Inc. Common Stock,therapeutics,,nasdaq,United States,2020,270.7,micro_under_0.3,1.94,False,,,,,False,True,False,False,2021-02-02,industry,biotechnology: biological products (no diagnostic substances),2026-10-09,own_assumption
SABS,SAB Biotherapeutics Inc. Common Stock,therapeutics,,nasdaq,United States,2021,262.0,micro_under_0.3,2.88,False,,,,,False,True,False,False,2021-11-02,industry,biotechnology: biological products (no diagnostic substances),2026-10-09,own_assumption
ACIU,AC Immune SA Common Stock,therapeutics,,nasdaq,Switzerland,2016,261.6,micro_under_0.3,2.57,False,,,,,False,True,False,False,2021-02-02,industry,biotechnology: pharmaceutical preparations,2026-10-09,own_assumption
BCYC,Bicycle Therapeutics plc American Depositary Shares,therapeutics,,nasdaq,United Kingdom,2019,261.1,micro_under_0.3,3.73,True,,,,,False,True,False,False,2021-02-02,industry,biotechnology: pharmaceutical preparations,2026-10-09,own_assumption
PALI,Palisade Bio Inc. Common Stock,therapeutics,,nasdaq,United States,,257.9,micro_under_0.3,1.48,False,,,,,False,True,False,False,2021-05-01,industry,biotechnology: biological products (no diagnostic substances),2026-10-09,own_assumption
FATE,Fate Therapeutics Inc. Common Stock,therapeutics,,nasdaq,United States,2013,257.6,micro_under_0.3,2.15,False,,,,,False,True,False,False,2021-02-02,industry,biotechnology: biological products (no diagnostic substances),2026-10-09,own_assumption
AMRN,Amarin Corporation plc,therapeutics,,nasdaq,Ireland,,253.9,micro_under_0.3,12.02,False,,,,,False,True,False,False,2021-02-02,industry,biotechnology: pharmaceutical preparations,2026-10-09,own_assumption
UPB,Upstream Bio Inc. Common Stock,therapeutics,,nasdaq,United States,2024,252.5,micro_under_0.3,4.61,False,,,,,False,True,False,False,2024-11-01,industry,biotechnology: pharmaceutical preparations,2026-10-09,own_assumption
IMRX,Immuneering Corporation Class A Common Stock,therapeutics,,nasdaq,United States,2021,249.7,micro_under_0.3,3.86,False,,,,,False,True,False,False,2021-08-03,industry,biotechnology: pharmaceutical preparations,2026-10-09,own_assumption
LFCR,Lifecore Biomedical Inc. Common Stock,therapeutics,,nasdaq,United States,,243.8,micro_under_0.3,6.44,False,,,,,False,True,False,False,2022-12-01,industry,biotechnology: pharmaceutical preparations,2026-10-09,own_assumption
STRO,Sutro Biopharma Inc. Common Stock,therapeutics,,nasdaq,United States,2018,243.1,micro_under_0.3,14.66,False,,,,,False,True,False,False,2021-02-02,industry,biotechnology: biological products (no diagnostic substances),2026-10-09,own_assumption
AKBA,Akebia Therapeutics Inc. Common Stock,therapeutics,,nasdaq,United States,2014,242.0,micro_under_0.3,0.8734,False,,,,,False,True,False,False,2021-02-02,industry,biotechnology: pharmaceutical preparations,2026-10-09,own_assumption
ZNTL,Zentalis Pharmaceuticals Inc. Common Stock,therapeutics,,nasdaq,United States,2020,241.4,micro_under_0.3,2.55,False,,,,,False,True,False,False,2021-02-02,industry,biotechnology: pharmaceutical preparations,2026-10-09,own_assumption
CAMP,CAMP4 Therapeutics Corporation Common Stock,therapeutics,,nasdaq,United States,2024,241.0,micro_under_0.3,3.84,False,,,,,False,True,False,False,2021-02-02,industry,biotechnology: pharmaceutical preparations,2026-10-09,own_assumption
VOGX,Vogenx Inc Common Stock,therapeutics,,nasdaq,United States,2026,240.1,micro_under_0.3,16.16,False,,,,,False,True,False,False,2026-09-01,industry,biotechnology: pharmaceutical preparations,2026-10-09,own_assumption
LCTX,Lineage Cell Therapeutics Inc. Common Stock,therapeutics,,amex,United States,,239.7,micro_under_0.3,0.9476,False,,,,,False,False,False,False,2021-02-02,industry,biotechnology: biological products (no diagnostic substances),2026-10-09,own_assumption
PYXS,Pyxis Oncology Inc. Common Stock,therapeutics,,nasdaq,United States,2021,239.4,micro_under_0.3,2.01,False,,,,,False,True,False,False,2021-11-02,industry,biotechnology: pharmaceutical preparations,2026-10-09,own_assumption
QTTB,Q32 Bio Inc. Common Stock,therapeutics,,nasdaq,United States,2018,237.9,micro_under_0.3,7.99,False,,,,,False,True,False,False,2024-04-02,industry,biotechnology: pharmaceutical preparations,2026-10-09,own_assumption
SLGL,Sol-Gel Technologies Ltd. Ordinary Shares,therapeutics,,nasdaq,Israel,2018,235.5,micro_under_0.3,71.945,False,,,,,False,True,False,False,2021-02-02,industry,biotechnology: pharmaceutical preparations,2026-10-09,own_assumption
SIGA,SIGA Technologies Inc. Common Stock,therapeutics,,nasdaq,United States,,234.2,micro_under_0.3,3.26,False,,,,,False,True,False,False,2021-02-02,industry,biotechnology: pharmaceutical preparations,2026-10-09,own_assumption
IPSC,Century Therapeutics Inc. Common Stock,therapeutics,,nasdaq,United States,2021,231.8,micro_under_0.3,1.28,False,,,,,False,True,False,False,2021-07-01,industry,biotechnology: biological products (no diagnostic substances),2026-10-09,own_assumption
PRQR,ProQR Therapeutics N.V. Ordinary Shares,therapeutics,,nasdaq,Netherlands,2014,230.0,micro_under_0.3,1.63,False,,,,,False,True,False,False,2021-02-02,industry,biotechnology: pharmaceutical preparations,2026-10-09,own_assumption
IFRX,InflaRx N.V. Common Stock,therapeutics,,nasdaq,Germany,2017,229.9,micro_under_0.3,1.56,False,,,,,False,True,False,False,2021-02-02,industry,biotechnology: pharmaceutical preparations,2026-10-09,own_assumption
MGNX,MacroGenics Inc. Common Stock,therapeutics,,nasdaq,United States,2013,226.1,micro_under_0.3,3.55,False,,,,,False,True,False,False,2021-02-02,industry,biotechnology: pharmaceutical preparations,2026-10-09,own_assumption
GLSI,Greenwich LifeSciences Inc. Common Stock,therapeutics,,nasdaq,United States,2020,225.9,micro_under_0.3,15.39,False,,,,,False,True,False,False,2021-02-02,industry,biotechnology: pharmaceutical preparations,2026-10-09,own_assumption
EVMN,Evommune Inc. Common Stock,therapeutics,,nyse,United States,2025,225.7,micro_under_0.3,6.22,False,,,,,False,False,False,False,2025-12-02,industry,biotechnology: pharmaceutical preparations,2026-10-09,own_assumption
KROS,Keros Therapeutics Inc. Common Stock,therapeutics,,nasdaq,United States,2020,222.3,micro_under_0.3,11.21,False,,,,,False,True,False,False,2021-02-02,industry,biotechnology: pharmaceutical preparations,2026-10-09,own_assumption
NATR,Nature's Sunshine Products Inc. Common Stock,therapeutics,,nasdaq,United States,,221.5,micro_under_0.3,12.59,False,,,,,False,True,False,False,2021-02-02,industry,biotechnology: pharmaceutical preparations,2026-10-09,own_assumption
TRDA,Entrada Therapeutics Inc. Common Stock,therapeutics,,nasdaq,United States,2021,218.4,micro_under_0.3,5.61,False,,,,,False,True,False,False,2021-11-02,industry,biotechnology: pharmaceutical preparations,2026-10-09,own_assumption
PLX,Protalix BioTherapeutics Inc. (DE) Common Stock,therapeutics,,amex,Israel,,218.3,micro_under_0.3,2.71,False,,,,,False,False,False,False,2021-02-02,industry,biotechnology: biological products (no diagnostic substances),2026-10-09,own_assumption
SION,Sionna Therapeutics Inc. Common Stock,therapeutics,,nasdaq,United States,2025,217.9,micro_under_0.3,4.82,False,,,,,False,True,False,False,2025-03-01,industry,biotechnology: pharmaceutical preparations,2026-10-09,own_assumption
IVVD,Invivyd Inc. Common Stock,therapeutics,,nasdaq,United States,2021,214.8,micro_under_0.3,0.7286,False,,,,,False,True,False,False,2022-10-01,industry,biotechnology: biological products (no diagnostic substances),2026-10-09,own_assumption
ALEC,Alector Inc. Common Stock,therapeutics,,nasdaq,United States,2019,214.4,micro_under_0.3,1.92,False,,,,,False,True,False,False,2021-02-02,industry,biotechnology: biological products (no diagnostic substances),2026-10-09,own_assumption
LYEL,Lyell Immunopharma Inc. Common Stock,therapeutics,,nasdaq,United States,2021,209.8,micro_under_0.3,8.56,False,,,,,False,True,False,False,2021-07-01,industry,biotechnology: pharmaceutical preparations,2026-10-09,own_assumption
CGEN,Compugen Ltd. Ordinary Shares,therapeutics,,nasdaq,Israel,2000,203.4,micro_under_0.3,2.15,False,,,,,False,True,False,False,2021-02-02,industry,biotechnology: biological products (no diagnostic substances),2026-10-09,own_assumption
RNAC,Cartesian Therapeutics Inc. Common Stock,therapeutics,,nasdaq,United States,2016,202.1,micro_under_0.3,6.68,False,,,,,False,True,False,False,2023-12-01,industry,biotechnology: pharmaceutical preparations,2026-10-09,own_assumption
ELDN,Eledon Pharmaceuticals Inc. Common Stock,therapeutics,,nasdaq,United States,2014,196.7,micro_under_0.3,2.42,False,,,,,False,False,False,False,2021-02-02,industry,biotechnology: pharmaceutical preparations,2026-10-09,own_assumption
WHWK,Whitehawk Therapeutics Inc. Common Stock,therapeutics,,nasdaq,United States,,194.4,micro_under_0.3,3.41,False,,,,,False,False,False,False,2025-04-01,industry,biotechnology: pharmaceutical preparations,2026-10-09,own_assumption
ADAG,Adagene Inc. American Depositary Shares,therapeutics,,nasdaq,China,2021,185.6,micro_under_0.3,2.81,True,,,,,False,False,False,False,2021-03-02,industry,biotechnology: pharmaceutical preparations,2026-10-09,own_assumption
NGEN,NervGen Pharma Corp. Common stock,therapeutics,,nasdaq,Canada,,185.2,micro_under_0.3,1.74,False,,,,,False,False,False,False,2026-02-03,industry,biotechnology: pharmaceutical preparations,2026-10-09,own_assumption
CMPX,Compass Therapeutics Inc. Common Stock,therapeutics,,nasdaq,United States,,183.7,micro_under_0.3,1.02,False,,,,,False,False,False,False,2021-09-01,industry,biotechnology: biological products (no diagnostic substances),2026-10-09,own_assumption
ANTX,AN2 Therapeutics Inc. Common Stock,therapeutics,,nasdaq,United States,2022,183.0,micro_under_0.3,4.85,False,,,,,False,False,False,False,2022-04-01,industry,biotechnology: pharmaceutical preparations,2026-10-09,own_assumption
ORMP,Oramed Pharmaceuticals Inc. Common Stock,therapeutics,,nasdaq,Israel,,181.8,micro_under_0.3,4.37,False,,,,,False,False,False,False,2021-02-02,industry,biotechnology: pharmaceutical preparations,2026-10-09,own_assumption
ADCT,ADC Therapeutics SA Common Shares,therapeutics,,nyse,Switzerland,2020,181.3,micro_under_0.3,1.42,False,,,,,False,False,False,False,2021-02-02,industry,biotechnology: pharmaceutical preparations,2026-10-09,own_assumption
CNTN,Canton Strategic Holdings Inc. Common Stock,therapeutics,,nasdaq,United States,2022,180.1,micro_under_0.3,2.26,False,,,,,False,False,False,False,2026-03-03,industry,biotechnology: pharmaceutical preparations,2026-10-09,own_assumption
YARW,Yarrow Bioscience Inc. Common Stock,therapeutics,,nasdaq,United States,2018,174.7,micro_under_0.3,18.775,False,,,,,False,False,False,False,2026-08-01,industry,biotechnology: pharmaceutical preparations,2026-10-09,own_assumption
DTIL,Precision BioSciences Inc. Common Stock,therapeutics,,nasdaq,United States,2019,172.5,micro_under_0.3,6.25,False,,,,,False,False,False,False,2021-02-02,industry,biotechnology: biological products (no diagnostic substances),2026-10-09,own_assumption
ORGO,Organogenesis Holdings Inc. Class A Common Stock,therapeutics,,nasdaq,United States,2016,169.9,micro_under_0.3,1.32,False,,,,,False,False,False,False,2021-02-02,industry,biotechnology: pharmaceutical preparations,2026-10-09,own_assumption
IPHA,Innate Pharma S.A. ADS,therapeutics,,nasdaq,France,2019,169.8,micro_under_0.3,1.52,True,,,,,False,False,False,False,2021-02-02,industry,biotechnology: biological products (no diagnostic substances),2026-10-09,own_assumption
VRXA,Veraxa Biotech AG Ordinary Shares,therapeutics,,nasdaq,Switzerland,,169.7,micro_under_0.3,1.2,False,,,,,False,False,False,False,2026-07-01,industry,biotechnology: pharmaceutical preparations,2026-10-09,own_assumption
DERM,Journey Medical Corporation Common Stock,therapeutics,,nasdaq,United States,2021,167.9,micro_under_0.3,5.95,False,,,,,False,False,False,False,2021-12-01,industry,biotechnology: pharmaceutical preparations,2026-10-09,own_assumption
PEPG,PepGen Inc. Common Stock,therapeutics,,nasdaq,United States,2022,166.2,micro_under_0.3,2.4,False,,,,,False,False,False,False,2022-06-01,industry,biotechnology: pharmaceutical preparations,2026-10-09,own_assumption
MDWD,MediWound Ltd. Ordinary Shares,therapeutics,commercial,nasdaq,Israel,2014,165.9,micro_under_0.3,12.85,False,,,,,False,False,False,False,2021-02-02,override,medicinal chemicals and botanical products,2026-10-09,own_assumption
CUE,Cue Biopharma Inc. Common Stock,therapeutics,,nasdaq,United States,2018,163.5,micro_under_0.3,22.51,False,,,,,False,False,False,False,2021-02-02,industry,biotechnology: pharmaceutical preparations,2026-10-09,own_assumption
NKTX,Nkarta Inc. Common Stock,therapeutics,,nasdaq,United States,2020,162.6,micro_under_0.3,2.27,False,,,,,False,False,False,False,2021-02-02,industry,biotechnology: pharmaceutical preparations,2026-10-09,own_assumption
MSLE,Satellos Bioscience Inc. Common Stock,therapeutics,,nasdaq,Canada,,161.9,micro_under_0.3,7.63,False,,,,,False,False,False,False,2026-03-03,industry,biotechnology: pharmaceutical preparations,2026-10-09,own_assumption
CRDL,Cardiol Therapeutics Inc. Class A Common Shares,therapeutics,,nasdaq,Canada,,159.3,micro_under_0.3,1.32,False,,,,,False,False,False,False,2021-09-01,industry,biotechnology: biological products (no diagnostic substances),2026-10-09,own_assumption
NBP,NovaBridge Biosciences American Depositary Shares,therapeutics,,nasdaq,China,2020,158.1,micro_under_0.3,1.37,True,,,,,False,False,False,False,2025-11-01,industry,biotechnology: pharmaceutical preparations,2026-10-09,own_assumption
MENS,Jyong Biotech Ltd. Ordinary Shares,therapeutics,,nasdaq,Taiwan,2025,156.6,micro_under_0.3,2.06,False,,,,,False,False,False,False,2025-07-01,industry,biotechnology: pharmaceutical preparations,2026-10-09,own_assumption
ALXO,ALX Oncology Holdings Inc. Common Stock,therapeutics,,nasdaq,United States,2020,156.3,micro_under_0.3,1.13,False,,,,,False,False,False,False,2021-02-02,industry,biotechnology: pharmaceutical preparations,2026-10-09,own_assumption
NERV,Minerva Neurosciences Inc Common Stock,therapeutics,,nasdaq,United States,2014,156.1,micro_under_0.3,3.27,False,,,,,False,False,False,False,2021-02-02,industry,biotechnology: pharmaceutical preparations,2026-10-09,own_assumption
CHRS,Coherus Oncology Inc. Common Stock,therapeutics,,nasdaq,United States,2014,156.0,micro_under_0.3,1.01,False,,,,,False,False,False,False,2021-02-02,industry,biotechnology: biological products (no diagnostic substances),2026-10-09,own_assumption
KRRO,Korro Bio Inc. Common Stock,therapeutics,,nasdaq,United States,2019,154.5,micro_under_0.3,10.49,False,,,,,False,False,False,False,2023-12-01,industry,biotechnology: pharmaceutical preparations,2026-10-09,own_assumption
TARA,Protara Therapeutics Inc.  Common Stock,therapeutics,,nasdaq,United States,2014,153.1,micro_under_0.3,2.59,False,,,,,False,False,False,False,2021-02-02,industry,biotechnology: biological products (no diagnostic substances),2026-10-09,own_assumption
VYGR,Voyager Therapeutics Inc. Common Stock,therapeutics,,nasdaq,United States,2015,152.2,micro_under_0.3,2.47,False,,,,,False,False,False,False,2021-02-02,industry,biotechnology: biological products (no diagnostic substances),2026-10-09,own_assumption
ABOS,Acumen Pharmaceuticals Inc. Common Stock,therapeutics,,nasdaq,United States,2021,151.9,micro_under_0.3,2.1,False,,,,,False,False,False,False,2021-08-03,industry,biotechnology: biological products (no diagnostic substances),2026-10-09,own_assumption
KZIA,Kazia Therapeutics Limited American Depositary Shares,therapeutics,,nasdaq,Australia,,144.4,micro_under_0.3,9.29,True,,,,,False,False,False,False,2021-02-02,industry,biotechnology: pharmaceutical preparations,2026-10-09,own_assumption
SDEV,Stablecoin Development Corporation Common Stock,therapeutics,,amex,United States,,143.9,micro_under_0.3,2.78,False,,,,,False,False,False,False,2026-05-01,industry,biotechnology: pharmaceutical preparations,2026-10-09,own_assumption
OTLK,Outlook Therapeutics Inc. Common Stock,therapeutics,,nasdaq,United States,2016,143.6,micro_under_0.3,0.59,False,,,,,False,False,False,False,2021-02-02,industry,biotechnology: biological products (no diagnostic substances),2026-10-09,own_assumption
MOLN,Molecular Partners AG American Depositary Shares,therapeutics,,nasdaq,Switzerland,2021,142.9,micro_under_0.3,3.81,True,,,,,False,False,False,False,2021-07-01,industry,biotechnology: biological products (no diagnostic substances),2026-10-09,own_assumption
AVXL,Anavex Life Sciences Corp. Common Stock,therapeutics,,nasdaq,United States,,141.8,micro_under_0.3,1.53,False,,,,,False,False,False,False,2021-02-02,industry,biotechnology: biological products (no diagnostic substances),2026-10-09,own_assumption
ARMP,Armata Pharmaceuticals Inc. Common Stock,therapeutics,,amex,United States,,141.7,micro_under_0.3,3.81,False,,,,,False,False,False,False,2021-02-02,industry,biotechnology: biological products (no diagnostic substances),2026-10-09,own_assumption
TLSA,Tiziana Life Sciences Ltd. Common Shares,therapeutics,,nasdaq,United Kingdom,2018,140.0,micro_under_0.3,1.1,False,,,,,False,False,False,False,2021-02-02,industry,biotechnology: pharmaceutical preparations,2026-10-09,own_assumption
RNA,Atrium Therapeutics Inc. Common Stock,therapeutics,,nasdaq,United States,,135.6,micro_under_0.3,7.93,False,,,,,False,False,False,False,2021-02-02,industry,biotechnology: pharmaceutical preparations,2026-10-09,own_assumption
OGI,Organigram Global Inc. Common Shares,therapeutics,,nasdaq,Canada,,135.4,micro_under_0.3,0.96,False,,,,,False,False,False,False,2021-02-02,industry,biotechnology: pharmaceutical preparations,2026-10-09,own_assumption
CLLS,Cellectis S.A. American Depositary Shares,therapeutics,,nasdaq,France,2015,134.7,micro_under_0.3,1.34,True,,,,,False,False,False,False,2021-02-02,industry,biotechnology: pharmaceutical preparations,2026-10-09,own_assumption
HUMA,Humacyte Inc. Common Stock,therapeutics,,nasdaq,United States,2020,131.2,micro_under_0.3,0.4723,False,,,,,False,False,True,False,2021-09-01,industry,biotechnology: biological products (no diagnostic substances),2026-10-09,own_assumption
TNXP,Tonix Pharmaceuticals Holding Corp. Common Stock,therapeutics,,nasdaq,United States,,129.5,micro_under_0.3,7.55,False,,,,,False,False,False,False,2021-02-02,industry,biotechnology: pharmaceutical preparations,2026-10-09,own_assumption
SPRB,Spruce Biosciences Inc. Common Stock,therapeutics,,nasdaq,United States,2020,127.6,micro_under_0.3,44.4,False,,,,,False,False,False,False,2021-02-02,industry,biotechnology: pharmaceutical preparations,2026-10-09,own_assumption
HURA,TuHURA Biosciences Inc. Common Stock,therapeutics,,nasdaq,United States,,126.2,micro_under_0.3,1.98,False,,,,,False,False,False,False,2024-11-01,industry,biotechnology: pharmaceutical preparations,2026-10-09,own_assumption
NRXP,NRX Pharmaceuticals Inc. Common Stock,therapeutics,,nasdaq,United States,2017,125.6,micro_under_0.3,2.9,False,,,,,False,False,False,False,2021-06-02,industry,biotechnology: pharmaceutical preparations,2026-10-09,own_assumption
BGM,BGM Group Ltd. Class A Ordinary Shares,therapeutics,,nasdaq,China,2021,125.4,micro_under_0.3,9.39,False,,,,,False,False,False,False,2024-09-04,industry,biotechnology: pharmaceutical preparations,2026-10-09,own_assumption
FHTX,Foghorn Therapeutics Inc. Common Stock,therapeutics,,nasdaq,United States,2020,124.1,micro_under_0.3,2.09,False,,,,,False,False,False,False,2021-02-02,industry,biotechnology: pharmaceutical preparations,2026-10-09,own_assumption
VTVT,vTv Therapeutics Inc. Class A Common Stock,therapeutics,,nasdaq,United States,2015,122.6,micro_under_0.3,31.01,False,,,,,False,False,False,False,2021-02-02,industry,biotechnology: pharmaceutical preparations,2026-10-09,own_assumption
QUCY,Quantum Cyber N.V. Ordinary Shares,therapeutics,,nasdaq,Germany,2021,120.2,micro_under_0.3,1.43,False,,,,,False,False,False,False,2026-04-01,industry,biotechnology: pharmaceutical preparations,2026-10-09,own_assumption
TNYA,Tenaya Therapeutics Inc. Common Stock,therapeutics,,nasdaq,United States,2021,119.6,micro_under_0.3,0.5334,False,,,,,False,False,False,False,2021-08-03,industry,biotechnology: biological products (no diagnostic substances),2026-10-09,own_assumption
INO,Inovio Pharmaceuticals Inc. Common Stock,therapeutics,,nasdaq,United States,,119.4,micro_under_0.3,1.155,False,,,,,False,False,False,False,2021-02-02,industry,biotechnology: pharmaceutical preparations,2026-10-09,own_assumption
ENGN,enGene Therapeutics Inc. Common Stock,therapeutics,,nasdaq,Canada,,116.9,micro_under_0.3,1.745,False,,,,,False,False,False,False,2023-12-01,industry,biotechnology: biological products (no diagnostic substances),2026-10-09,own_assumption
UNCY,Unicycive Therapeutics Inc. Common Stock,therapeutics,,nasdaq,United States,2021,116.4,micro_under_0.3,4.18,False,,,,,False,False,False,False,2021-08-03,industry,biotechnology: pharmaceutical preparations,2026-10-09,own_assumption
COYA,Coya Therapeutics Inc. Common Stock,therapeutics,,nasdaq,United States,2022,115.2,micro_under_0.3,4.91,False,,,,,False,False,False,False,2023-01-04,industry,biotechnology: pharmaceutical preparations,2026-10-09,own_assumption
GNLX,Genelux Corporation Common Stock,therapeutics,,nasdaq,United States,2023,114.0,micro_under_0.3,2.52,False,,,,,False,False,False,False,2023-02-01,industry,biotechnology: pharmaceutical preparations,2026-10-09,own_assumption
LENZ,LENZ Therapeutics Inc. Common Stock,therapeutics,,nasdaq,United States,2021,113.7,micro_under_0.3,3.62,False,,,,,False,False,False,False,2024-04-02,industry,biotechnology: biological products (no diagnostic substances),2026-10-09,own_assumption
PMVP,PMV Pharmaceuticals Inc. Common Stock,therapeutics,,nasdaq,United States,2020,113.3,micro_under_0.3,1.5,False,,,,,False,False,False,False,2021-02-02,industry,biotechnology: pharmaceutical preparations,2026-10-09,own_assumption
RANI,Rani Therapeutics Holdings Inc. Class A Common Stock,therapeutics,,nasdaq,United States,2021,113.2,micro_under_0.3,0.8121,False,,,,,False,False,False,False,2021-08-03,industry,biotechnology: pharmaceutical preparations,2026-10-09,own_assumption
AARD,Aardvark Therapeutics Inc. Common Stock,therapeutics,,nasdaq,United States,2025,108.5,micro_under_0.3,4.96,False,,,,,False,False,False,False,2025-03-01,industry,biotechnology: pharmaceutical preparations,2026-10-09,own_assumption
CRBP,Corbus Pharmaceuticals Holdings Inc. Common Stock,therapeutics,,nasdaq,United States,,106.2,micro_under_0.3,5.49,False,,,,,False,False,False,False,2021-02-02,industry,biotechnology: pharmaceutical preparations,2026-10-09,own_assumption
BDTX,Black Diamond Therapeutics Inc. Common Stock,therapeutics,,nasdaq,United States,2020,105.1,micro_under_0.3,1.83,False,,,,,False,False,False,False,2021-02-02,industry,biotechnology: biological products (no diagnostic substances),2026-10-09,own_assumption
PLYX,Polaryx Therapeutics Inc. Common Stock,therapeutics,,nasdaq,United States,,104.2,micro_under_0.3,2.09,False,,,,,False,False,False,False,2026-02-03,industry,biotechnology: pharmaceutical preparations,2026-10-09,own_assumption
IMUX,Immunic Inc. Common Stock,therapeutics,,nasdaq,United States,2014,104.1,micro_under_0.3,7.63,False,,,,,False,False,False,False,2021-02-02,industry,biotechnology: pharmaceutical preparations,2026-10-09,own_assumption
CPIX,Cumberland Pharmaceuticals Inc. Common Stock,therapeutics,,nasdaq,United States,2009,103.2,micro_under_0.3,6.89,False,,,,,False,False,False,False,2021-02-02,industry,biotechnology: pharmaceutical preparations,2026-10-09,own_assumption
ANIX,Anixa Biosciences Inc. Common Stock,therapeutics,,nasdaq,United States,,102.6,micro_under_0.3,2.95,False,,,,,False,False,False,False,2021-02-02,industry,biotechnology: pharmaceutical preparations,2026-10-09,own_assumption
BMEA,Biomea Fusion Inc. Common Stock,therapeutics,,nasdaq,United States,2021,95.7,micro_under_0.3,1.32,False,,,,,False,False,False,False,2021-05-01,industry,biotechnology: pharmaceutical preparations,2026-10-09,own_assumption
OKUR,OnKure Therapeutics Inc. Class A Common Stock,therapeutics,,nasdaq,United States,2021,95.2,micro_under_0.3,2.35,False,,,,,False,False,False,False,2024-11-01,industry,biotechnology: pharmaceutical preparations,2026-10-09,own_assumption
MIST,Milestone Pharmaceuticals Inc. Common Shares,therapeutics,,nasdaq,Canada,2019,94.3,micro_under_0.3,0.7572,False,,,,,False,False,False,False,2021-02-02,industry,biotechnology: pharmaceutical preparations,2026-10-09,own_assumption
ATRA,Atara Biotherapeutics Inc. Common Stock,therapeutics,,nasdaq,United States,2014,94.1,micro_under_0.3,9.37,False,,,,,False,False,False,False,2021-02-02,industry,biotechnology: biological products (no diagnostic substances),2026-10-09,own_assumption
RLYB,Rallybio Corporation Common Stock,therapeutics,,nasdaq,United States,2021,89.9,micro_under_0.3,16.93,False,,,,,False,False,False,False,2021-08-03,industry,biotechnology: pharmaceutical preparations,2026-10-09,own_assumption
CGTX,Cognition Therapeutics Inc. Common Stock,therapeutics,,nasdaq,United States,2021,89.1,micro_under_0.3,0.9366,False,,,,,False,False,False,False,2021-11-02,industry,biotechnology: biological products (no diagnostic substances),2026-10-09,own_assumption
EQ,Equillium Inc. Common Stock,therapeutics,,nasdaq,United States,2018,88.1,micro_under_0.3,1.39,False,,,,,False,False,False,False,2021-02-02,industry,biotechnology: pharmaceutical preparations,2026-10-09,own_assumption
NMRA,Neumora Therapeutics Inc. Common Stock,therapeutics,,nasdaq,United States,2023,88.0,micro_under_0.3,0.4683,False,,,,,False,False,False,False,2023-10-03,industry,biotechnology: biological products (no diagnostic substances),2026-10-09,own_assumption
CRDF,Cardiff Oncology Inc. Common Stock,therapeutics,,nasdaq,United States,,84.8,micro_under_0.3,1.09,False,,,,,False,False,False,False,2021-02-02,industry,biotechnology: biological products (no diagnostic substances),2026-10-09,own_assumption
TELO,Telomir Pharmaceuticals Inc. Common Stock,therapeutics,,nasdaq,United States,2024,82.5,micro_under_0.3,1.12,False,,,,,False,False,False,False,2024-03-01,industry,biotechnology: pharmaceutical preparations,2026-10-09,own_assumption
PMN,ProMIS Neurosciences Inc. Common Shares (ON),therapeutics,,nasdaq,Canada,,81.8,micro_under_0.3,9.12,False,,,,,False,False,False,False,2022-08-02,industry,biotechnology: pharmaceutical preparations,2026-10-09,own_assumption
NTHI,NeOnc Technologies Holdings Inc. Common Stock,therapeutics,,nasdaq,United States,,80.7,micro_under_0.3,2.71,False,,,,,False,False,False,False,2025-04-01,industry,biotechnology: pharmaceutical preparations,2026-10-09,own_assumption
ACRV,Acrivon Therapeutics Inc. Common Stock,therapeutics,,nasdaq,United States,2022,80.6,micro_under_0.3,1.88,False,,,,,False,False,False,False,2022-12-01,industry,biotechnology: pharmaceutical preparations,2026-10-09,own_assumption
PTHS,Pelthos Therapeutics Inc. Common Stock,therapeutics,,amex,,2024,80.4,micro_under_0.3,20.99,False,,,,,False,False,False,False,2025-08-01,industry,biotechnology: biological products (no diagnostic substances),2026-10-09,own_assumption
MNOV,Medicinova Inc Common Stock,therapeutics,,nasdaq,United States,,79.2,micro_under_0.3,1.61,False,,,,,False,False,False,False,2021-02-02,industry,biotechnology: pharmaceutical preparations,2026-10-09,own_assumption
CTOR,Citius Oncology Inc. Common Stock,therapeutics,,nasdaq,United States,2022,79.1,micro_under_0.3,0.851,False,,,,,False,False,False,False,2024-09-04,industry,biotechnology: pharmaceutical preparations,2026-10-09,own_assumption
ONCY,Oncolytics Biotech Inc. Common Stock,therapeutics,,nasdaq,Canada,,78.1,micro_under_0.3,0.5958,False,,,,,False,False,False,False,2021-02-02,industry,biotechnology: pharmaceutical preparations,2026-10-09,own_assumption
GRML,Greenland Mines Ltd. Common Stock,therapeutics,,nasdaq,United States,2022,77.8,micro_under_0.3,5.83,False,,,,,False,False,False,False,2026-04-01,industry,biotechnology: biological products (no diagnostic substances),2026-10-09,own_assumption
PDSB,PDS Biotechnology Corporation Common Stock,therapeutics,,nasdaq,United States,2015,77.2,micro_under_0.3,1.065,False,,,,,False,False,False,False,2021-02-02,industry,biotechnology: pharmaceutical preparations,2026-10-09,own_assumption
INCR,Intercure Ltd. Ordinary Shares,therapeutics,,nasdaq,Israel,,77.0,micro_under_0.3,5.13,False,,,,,False,False,False,False,2021-10-01,industry,biotechnology: pharmaceutical preparations,2026-10-09,own_assumption
RFL,Rafael Holdings Inc. Class B Common Stock,therapeutics,,nyse,United States,2018,77.0,micro_under_0.3,1.48,False,,,,,False,False,False,False,2021-02-02,industry,biotechnology: pharmaceutical preparations,2026-10-09,own_assumption
LFVN,Lifevantage Corporation Common Stock (Delaware),therapeutics,,nasdaq,United States,,75.5,micro_under_0.3,6.0,False,,,,,False,False,False,False,2021-02-02,industry,biotechnology: pharmaceutical preparations,2026-10-09,own_assumption
OKYO,OKYO Pharma Limited Ordinary Shares,therapeutics,,nasdaq,Guernsey,2022,74.0,micro_under_0.3,1.41,False,,,,,False,False,False,False,2022-06-01,industry,biotechnology: biological products (no diagnostic substances),2026-10-09,own_assumption
HRTX,Heron Therapeutics Inc. Common Stock,therapeutics,,nasdaq,United States,,73.0,micro_under_0.3,0.3843,False,,,,,False,False,False,False,2021-02-02,industry,biotechnology: pharmaceutical preparations,2026-10-09,own_assumption
GANX,Gain Therapeutics Inc. Common Stock,therapeutics,,nasdaq,United States,2021,72.9,micro_under_0.3,1.67,False,,,,,False,False,False,False,2021-04-01,industry,biotechnology: pharmaceutical preparations,2026-10-09,own_assumption
MAIA,MAIA Biotechnology Inc. Common Stock,therapeutics,,amex,,2022,72.9,micro_under_0.3,1.18,False,,,,,False,False,False,False,2022-08-02,industry,biotechnology: pharmaceutical preparations,2026-10-09,own_assumption
OSTX,OS Therapies Incorporated Common Stock,therapeutics,,amex,,2024,72.0,micro_under_0.3,1.55,False,,,,,False,False,False,False,2024-09-04,industry,biotechnology: pharmaceutical preparations,2026-10-09,own_assumption
TENX,Tenax Therapeutics Inc. Common Stock,therapeutics,,nasdaq,United States,,71.5,micro_under_0.3,1.91,False,,,,,False,False,False,False,2021-02-02,industry,biotechnology: pharmaceutical preparations,2026-10-09,own_assumption
VRCA,Verrica Pharmaceuticals Inc. Common Stock,therapeutics,,nasdaq,United States,2018,71.1,micro_under_0.3,4.14,False,,,,,False,False,False,False,2021-02-02,industry,biotechnology: pharmaceutical preparations,2026-10-09,own_assumption
CING,Cingulate Inc. Common Stock,therapeutics,,nasdaq,United States,2021,70.8,micro_under_0.3,4.87,False,,,,,False,False,False,False,2022-01-01,industry,biotechnology: pharmaceutical preparations,2026-10-09,own_assumption
HYFT,MindWalk Holdings Corp. Common Stock,therapeutics,,nasdaq,Canada,,70.7,micro_under_0.3,1.5,False,,,,,False,False,False,False,2025-10-01,industry,biotechnology: pharmaceutical preparations,2026-10-09,own_assumption
NMAD,Nomad Power Solutions Inc. Common Stock,therapeutics,,nasdaq,United States,,68.4,micro_under_0.3,4.25,False,,,,,False,False,False,False,2026-08-01,industry,biotechnology: pharmaceutical preparations,2026-10-09,own_assumption
SPRO,Spero Therapeutics Inc. Common Stock,therapeutics,,nasdaq,United States,2017,68.1,micro_under_0.3,1.17,False,,,,,False,False,False,False,2021-02-02,industry,biotechnology: pharmaceutical preparations,2026-10-09,own_assumption
FBIO,Fortress Biotech Inc. Common Stock,therapeutics,,nasdaq,United States,,68.0,micro_under_0.3,2.04,False,,,,,False,False,False,False,2021-02-02,industry,biotechnology: pharmaceutical preparations,2026-10-09,own_assumption
RNTX,Rein Therapeutics Inc. Common Stock,therapeutics,,nasdaq,United States,2017,68.0,micro_under_0.3,0.7887,False,,,,,False,False,True,False,2025-02-01,industry,biotechnology: pharmaceutical preparations,2026-10-09,own_assumption
CSBR,Champions Oncology Inc. Common Stock,therapeutics,,nasdaq,United States,,67.9,micro_under_0.3,4.88,False,,,,,False,False,False,False,2021-02-02,industry,biotechnology: biological products (no diagnostic substances),2026-10-09,own_assumption
XBIT,XBiotech Inc. Common Stock,therapeutics,,nasdaq,United States,2015,66.8,micro_under_0.3,2.19,False,,,,,False,False,False,False,2021-02-02,industry,biotechnology: pharmaceutical preparations,2026-10-09,own_assumption
CRBU,Caribou Biosciences Inc. Common Stock,therapeutics,,nasdaq,United States,2021,66.2,micro_under_0.3,0.6174,False,,,,,False,False,False,False,2021-08-03,industry,biotechnology: biological products (no diagnostic substances),2026-10-09,own_assumption
IBIO,iBio Inc. Common Stock,therapeutics,,nasdaq,United States,,65.0,micro_under_0.3,1.01,False,,,,,False,False,True,False,2021-02-02,industry,biotechnology: pharmaceutical preparations,2026-10-09,own_assumption
APLM,Apollomics Inc. Class A Ordinary Shares,therapeutics,,nasdaq,United States,,62.3,micro_under_0.3,21.5,False,,,,,False,False,False,False,2023-04-01,industry,biotechnology: pharmaceutical preparations,2026-10-09,own_assumption
GOSS,Gossamer Bio Inc. Common Stock,therapeutics,,nasdaq,United States,2019,62.3,micro_under_0.3,10.18,False,,,,,False,False,False,False,2021-02-02,industry,biotechnology: pharmaceutical preparations,2026-10-09,own_assumption
RNXT,RenovoRx Inc. Common Stock,therapeutics,,nasdaq,United States,2021,61.8,micro_under_0.3,1.37,False,,,,,False,False,False,False,2021-09-01,industry,biotechnology: pharmaceutical preparations,2026-10-09,own_assumption
PLRX,Pliant Therapeutics Inc. Common Stock,therapeutics,,nasdaq,United States,2020,61.3,micro_under_0.3,0.99,False,,,,,False,False,True,False,2021-02-02,industry,biotechnology: pharmaceutical preparations,2026-10-09,own_assumption
KLRS,Kalaris Therapeutics Inc. Common Stock,therapeutics,,nasdaq,United States,2020,60.9,micro_under_0.3,2.56,False,,,,,False,False,True,False,2025-04-01,industry,biotechnology: biological products (no diagnostic substances),2026-10-09,own_assumption
ATHE,Alterity Therapeutics Limited American Depositary Shares,therapeutics,,nasdaq,Australia,,60.5,micro_under_0.3,3.32,True,,,,,False,False,False,False,2021-02-02,industry,biotechnology: pharmaceutical preparations,2026-10-09,own_assumption
BOLD,Boundless Bio Inc. Common Stock,therapeutics,,nasdaq,United States,2024,60.1,micro_under_0.3,2.64,False,,,,,False,False,True,False,2024-04-02,industry,biotechnology: pharmaceutical preparations,2026-10-09,own_assumption
ELOX,Eloxx Pharmaceuticals Inc. Common Stock,therapeutics,,nasdaq,United States,,60.1,micro_under_0.3,14.88,False,,,,,False,False,True,False,2021-02-02,industry,biotechnology: biological products (no diagnostic substances),2026-10-09,own_assumption
CNTB,Connect Biopharma Holdings Limited Ordinary Shares,therapeutics,,nasdaq,China,2021,59.5,micro_under_0.3,0.9447,False,,,,,False,False,True,False,2021-04-01,industry,biotechnology: pharmaceutical preparations,2026-10-09,own_assumption
XLO,Xilio Therapeutics Inc. Common Stock,therapeutics,,nasdaq,United States,2021,59.3,micro_under_0.3,9.01,False,,,,,False,False,True,False,2021-11-02,industry,biotechnology: pharmaceutical preparations,2026-10-09,own_assumption
INKT,MiNK Therapeutics Inc. Common Stock,therapeutics,,nasdaq,United States,2021,58.3,micro_under_0.3,11.42,False,,,,,False,False,False,False,2021-11-02,industry,biotechnology: biological products (no diagnostic substances),2026-10-09,own_assumption
ACET,Adicet Bio Inc. Common Stock,therapeutics,,nasdaq,United States,2018,57.9,micro_under_0.3,6.18,False,,,,,False,False,False,False,2021-02-02,industry,biotechnology: pharmaceutical preparations,2026-10-09,own_assumption
ALDX,Aldeyra Therapeutics Inc. Common Stock,therapeutics,,nasdaq,United States,2014,57.8,micro_under_0.3,0.9586,False,,,,,False,False,False,False,2021-02-02,industry,biotechnology: pharmaceutical preparations,2026-10-09,own_assumption
MREO,Mereo BioPharma Group plc American Depositary Shares,therapeutics,,nasdaq,United Kingdom,,56.3,micro_under_0.3,0.3528,True,,,,,False,False,False,False,2021-02-02,industry,biotechnology: pharmaceutical preparations,2026-10-09,own_assumption
CLNN,Clene Inc. Common Stock,therapeutics,,nasdaq,United States,,55.7,micro_under_0.3,3.92,False,,,,,False,False,False,False,2021-02-02,industry,biotechnology: pharmaceutical preparations,2026-10-09,own_assumption
HYPD,Hyperion DeFi Inc. Common Stock,therapeutics,,nasdaq,United States,2018,55.4,micro_under_0.3,3.59,False,,,,,False,False,False,False,2025-08-01,industry,biotechnology: pharmaceutical preparations,2026-10-09,own_assumption
ZYBT,Zhengye Biotechnology Holding Limited Class A Ordinary Shares,therapeutics,,nasdaq,China,2025,55.0,micro_under_0.3,1.16,False,,,,,False,False,False,False,2025-02-01,industry,biotechnology: pharmaceutical preparations,2026-10-09,own_assumption
LONA,LeonaBio Inc. Common Stock,therapeutics,,nasdaq,United States,2020,54.9,micro_under_0.3,5.83,False,,,,,False,False,True,False,2026-02-03,industry,biotechnology: biological products (no diagnostic substances),2026-10-09,own_assumption
TLPH,Talphera Inc. Common Stock,therapeutics,,nasdaq,United States,2011,54.5,micro_under_0.3,1.05,False,,,,,False,False,False,False,2024-02-01,industry,biotechnology: pharmaceutical preparations,2026-10-09,own_assumption
EDSA,Edesa Biotech Inc. Common Shares,therapeutics,,nasdaq,United States,,52.6,micro_under_0.3,3.895,False,,,,,False,False,True,False,2021-02-02,industry,biotechnology: pharmaceutical preparations,2026-10-09,own_assumption
IMA,ImageneBio Inc. Common Stock,therapeutics,,nasdaq,United States,2021,52.3,micro_under_0.3,4.61,False,,,,,False,False,True,False,2025-08-01,industry,biotechnology: biological products (no diagnostic substances),2026-10-09,own_assumption
INMB,INmune Bio Inc. Common stock,therapeutics,,nasdaq,United States,2019,51.6,micro_under_0.3,1.86,False,,,,,False,False,False,False,2021-02-02,industry,biotechnology: biological products (no diagnostic substances),2026-10-09,own_assumption
ANVS,Annovis Bio Inc. Common Stock,therapeutics,,nyse,United States,2020,51.6,micro_under_0.3,1.21,False,,,,,False,False,False,False,2021-02-02,industry,biotechnology: pharmaceutical preparations,2026-10-09,own_assumption
EXOZ,eXoZymes Inc. Common Stock,therapeutics,,nasdaq,United States,2024,51.5,micro_under_0.3,5.54,False,,,,,False,False,False,False,2025-03-01,industry,biotechnology: biological products (no diagnostic substances),2026-10-09,own_assumption
SER,Serina Therapeutics Inc. Common Stock,therapeutics,,amex,United States,2018,51.1,micro_under_0.3,2.01,False,,,,,False,False,False,False,2024-04-02,industry,biotechnology: pharmaceutical preparations,2026-10-09,own_assumption
DWTX,Dogwood Therapeutics Inc. Common Stock,therapeutics,,nasdaq,United States,2020,48.6,micro_under_0.3,1.43,False,,,,,False,False,False,False,2024-11-01,industry,biotechnology: pharmaceutical preparations,2026-10-09,own_assumption
ELTX,Elicio Therapeutics Inc. Common Stock,therapeutics,,nasdaq,United States,2021,48.6,micro_under_0.3,1.85,False,,,,,False,False,False,False,2023-07-01,industry,biotechnology: pharmaceutical preparations,2026-10-09,own_assumption
CRVO,CervoMed Inc. Common Stock,therapeutics,,nasdaq,United States,,48.1,micro_under_0.3,3.18,False,,,,,False,False,False,False,2023-09-01,industry,biotechnology: pharmaceutical preparations,2026-10-09,own_assumption
CELU,Celularity Inc. Class A Common Stock,therapeutics,,nasdaq,United States,2019,47.7,micro_under_0.3,1.47,False,,,,,False,False,False,False,2021-08-03,industry,biotechnology: pharmaceutical preparations,2026-10-09,own_assumption
SCYX,SCYNEXIS Inc. Common Stock,therapeutics,,nasdaq,United States,2014,47.6,micro_under_0.3,4.78,False,,,,,False,False,False,False,2021-02-02,industry,biotechnology: pharmaceutical preparations,2026-10-09,own_assumption
TIL,Instil Bio Inc. Common Stock,therapeutics,,nasdaq,United States,2021,46.8,micro_under_0.3,6.9,False,,,,,False,False,True,False,2021-04-01,industry,biotechnology: biological products (no diagnostic substances),2026-10-09,own_assumption
HOWL,Werewolf Therapeutics Inc. Common Stock,therapeutics,,nasdaq,United States,2021,44.7,micro_under_0.3,0.9201,False,,,,,False,False,False,False,2021-05-01,industry,biotechnology: pharmaceutical preparations,2026-10-09,own_assumption
BSEM,BioStem Technologies Inc. Common Stock,therapeutics,,nasdaq,United States,,44.6,micro_under_0.3,2.39,False,,,,,False,False,False,False,2026-09-01,industry,biotechnology: biological products (no diagnostic substances),2026-10-09,own_assumption
GRCE,Grace Therapeutics Inc. Common Stock,therapeutics,,nasdaq,Canada,,44.2,micro_under_0.3,2.1,False,,,,,False,False,False,False,2024-11-01,industry,biotechnology: pharmaceutical preparations,2026-10-09,own_assumption
NSRX,Nasus Pharma Ltd. Ordinary Shares,therapeutics,,amex,,2025,44.2,micro_under_0.3,3.775,False,,,,,False,False,False,False,2025-09-03,industry,biotechnology: pharmaceutical preparations,2026-10-09,own_assumption
TVGN,Tevogen Inc. Common Stock,therapeutics,,nasdaq,United States,2022,42.3,micro_under_0.3,6.49,False,,,,,False,False,False,False,2024-03-01,industry,biotechnology: biological products (no diagnostic substances),2026-10-09,own_assumption
VERU,Veru Inc. Common Stock,therapeutics,,nasdaq,United States,,41.9,micro_under_0.3,2.46,False,,,,,False,False,False,False,2021-02-02,industry,biotechnology: pharmaceutical preparations,2026-10-09,own_assumption
IXHL,Incannex Healthcare Inc. Common Stock,therapeutics,,nasdaq,Australia,,39.9,micro_under_0.3,3.18,False,,,,,False,False,False,False,2022-04-01,industry,biotechnology: pharmaceutical preparations,2026-10-09,own_assumption
FLNA,Filana Therapeutics Inc. Common Stock,therapeutics,,nasdaq,United States,,39.4,micro_under_0.3,0.8157,False,,,,,False,False,False,False,2026-04-01,industry,biotechnology: pharmaceutical preparations,2026-10-09,own_assumption
LITS,Lite Strategy Inc. Common Stock,therapeutics,,nasdaq,United States,2003,38.6,micro_under_0.3,1.27,False,,,,,False,False,False,False,2025-10-01,industry,biotechnology: pharmaceutical preparations,2026-10-09,own_assumption
IBO,Impact BioMedical Inc. Common Stock,therapeutics,,amex,,2024,38.3,micro_under_0.3,4.48,False,,,,,False,False,False,False,2024-10-01,industry,biotechnology: pharmaceutical preparations,2026-10-09,own_assumption
CVM,Cel-Sci Corporation Common Stock,therapeutics,,amex,United States,1997,37.5,micro_under_0.3,2.13,False,,,,,False,False,False,False,2021-02-02,industry,biotechnology: biological products (no diagnostic substances),2026-10-09,own_assumption
MGX,Metagenomi Therapeutics Inc. Common Stock,therapeutics,,nasdaq,United States,2024,37.2,micro_under_0.3,0.9847,False,,,,,False,False,False,False,2024-03-01,industry,biotechnology: biological products (no diagnostic substances),2026-10-09,own_assumption
NNVC,NanoViricides Inc. Common Stock,therapeutics,,amex,United States,,36.8,micro_under_0.3,1.44,False,,,,,False,False,False,False,2021-02-02,industry,biotechnology: pharmaceutical preparations,2026-10-09,own_assumption
CPHI,China Pharma Holdings Inc. Common Stock,therapeutics,,amex,China,,36.6,micro_under_0.3,0.85,False,,,,,False,False,False,False,2021-02-02,industry,biotechnology: pharmaceutical preparations,2026-10-09,own_assumption
GNTA,Genenta Science S.p.A. American Depositary Shares,therapeutics,,nasdaq,Italy,2021,36.4,micro_under_0.3,0.755,True,,,,,False,False,False,False,2022-01-01,industry,biotechnology: biological products (no diagnostic substances),2026-10-09,own_assumption
ELUT,Elutia Inc. Class A Common Stock,therapeutics,,nasdaq,United States,2020,36.3,micro_under_0.3,0.8201,False,,,,,False,False,False,False,2023-10-03,industry,biotechnology: biological products (no diagnostic substances),2026-10-09,own_assumption
BCTX,BriaCell Therapeutics Corp. Common Shares,therapeutics,,nasdaq,Canada,,34.8,micro_under_0.3,4.0,False,,,,,False,False,False,False,2021-02-02,industry,biotechnology: pharmaceutical preparations,2026-10-09,own_assumption
BHST,BioHarvest Sciences Inc. Common Stock,therapeutics,,nasdaq,Canada,,33.8,micro_under_0.3,1.49,False,,,,,False,False,False,False,2024-12-03,blank_industry_name,,2026-10-09,own_assumption
ATNM,Actinium Pharmaceuticals Inc. (Delaware) Common Stock,therapeutics,,amex,United States,,33.6,micro_under_0.3,1.07,False,,,,,False,False,False,False,2021-02-02,industry,biotechnology: pharmaceutical preparations,2026-10-09,own_assumption
ALGS,Aligos Therapeutics Inc. Common Stock,therapeutics,,nasdaq,United States,2020,33.2,micro_under_0.3,5.32,False,,,,,False,False,False,False,2021-02-02,industry,biotechnology: biological products (no diagnostic substances),2026-10-09,own_assumption
RMTI,Rockwell Medical Inc. Common Stock,therapeutics,,nasdaq,United States,1998,33.1,micro_under_0.3,8.22,False,,,,,False,False,False,False,2021-02-02,industry,biotechnology: pharmaceutical preparations,2026-10-09,own_assumption
NXTC,NextCure Inc. Common Stock,therapeutics,,nasdaq,United States,2019,30.0,micro_under_0.3,6.56,False,,,,,False,False,True,False,2021-02-02,industry,biotechnology: pharmaceutical preparations,2026-10-09,own_assumption
IMMP,Immutep Limited American Depositary Shares,therapeutics,,nasdaq,Australia,,29.9,micro_under_0.3,4.06,True,,,,,False,False,False,False,2021-02-02,industry,biotechnology: pharmaceutical preparations,2026-10-09,own_assumption
MIRA,MIRA Pharmaceuticals Inc. Common Stock,therapeutics,,nasdaq,United States,2023,29.8,micro_under_0.3,0.71,False,,,,,False,False,False,False,2023-09-01,industry,biotechnology: pharmaceutical preparations,2026-10-09,own_assumption
RNAZ,TransCode Therapeutics Inc. Common Stock,therapeutics,,nasdaq,United States,2021,29.8,micro_under_0.3,1.76,False,,,,,False,False,False,False,2021-08-03,industry,biotechnology: pharmaceutical preparations,2026-10-09,own_assumption
SCLX,Scilex Holding Company Common Stock,therapeutics,,nasdaq,United States,2021,29.6,micro_under_0.3,3.49,False,,,,,False,False,False,False,2022-12-01,industry,biotechnology: biological products (no diagnostic substances),2026-10-09,own_assumption
GRDX,GridAI Technologies Corp. Common Stock,therapeutics,,nasdaq,United States,2016,29.4,micro_under_0.3,4.12,False,,,,,False,False,False,False,2025-12-02,industry,biotechnology: pharmaceutical preparations,2026-10-09,own_assumption
IGC,IGC Pharma Inc. Common Stock,therapeutics,,amex,United States,,28.9,micro_under_0.3,0.28,False,,,,,False,False,False,False,2021-02-02,industry,biotechnology: pharmaceutical preparations,2026-10-09,own_assumption
CNTX,Context Therapeutics Inc. Common Stock,therapeutics,,nasdaq,United States,2021,28.7,micro_under_0.3,0.3126,False,,,,,False,False,True,False,2021-11-02,industry,biotechnology: pharmaceutical preparations,2026-10-09,own_assumption
EVAX,Evaxion A/S American Depositary Share,therapeutics,,nasdaq,Denmark,2021,28.5,micro_under_0.3,3.16,True,,,,,False,False,False,False,2021-03-02,industry,biotechnology: biological products (no diagnostic substances),2026-10-09,own_assumption
ATYR,aTyr Pharma Inc. Common Stock,therapeutics,,nasdaq,United States,2015,27.3,micro_under_0.3,0.2783,False,,,,,False,False,False,False,2024-07-02,industry,biotechnology: biological products (no diagnostic substances),2026-10-09,own_assumption
MCRB,Seres Therapeutics Inc. Common Stock,therapeutics,,nasdaq,United States,2015,27.3,micro_under_0.3,2.72,False,,,,,False,False,False,False,2021-02-02,industry,biotechnology: pharmaceutical preparations,2026-10-09,own_assumption
QNCX,Quince Therapeutics Inc. Common Stock,therapeutics,,nasdaq,United States,2019,27.2,micro_under_0.3,26.72,False,,,,,False,False,False,False,2022-08-02,industry,biotechnology: biological products (no diagnostic substances),2026-10-09,own_assumption
ABVC,ABVC BioPharma Inc. Common Stock,therapeutics,,nasdaq,United States,,26.7,micro_under_0.3,1.0,False,,,,,False,False,False,False,2021-08-03,industry,biotechnology: pharmaceutical preparations,2026-10-09,own_assumption
BYSI,BeyondSpring Inc. Ordinary Shares,therapeutics,,nasdaq,United States,2017,26.5,micro_under_0.3,0.6445,False,,,,,False,False,False,False,2021-02-02,industry,biotechnology: pharmaceutical preparations,2026-10-09,own_assumption
QNTM,Quantum Biopharma Ltd. Class B Subordinate Voting Shares,therapeutics,,nasdaq,Canada,,25.4,micro_under_0.3,3.145,False,,,,,False,False,False,False,2024-09-04,industry,biotechnology: pharmaceutical preparations,2026-10-09,own_assumption
KYNB,Kyntra Bio Inc. Common Stock,therapeutics,,nasdaq,United States,2014,24.8,micro_under_0.3,6.13,False,,,,,False,False,False,False,2026-02-03,industry,biotechnology: pharmaceutical preparations,2026-10-09,own_assumption
ATOS,Atossa Therapeutics Inc. Common Stock,therapeutics,,nasdaq,United States,2012,24.5,micro_under_0.3,2.46,False,,,,,False,False,False,False,2021-02-02,industry,biotechnology: pharmaceutical preparations,2026-10-09,own_assumption
OPTH,Optimi Health Corp. Common Shares,therapeutics,,nasdaq,Canada,,23.1,micro_under_0.3,4.04,False,,,,,False,False,False,False,2026-06-02,industry,biotechnology: pharmaceutical preparations,2026-10-09,own_assumption
TXMD,TherapeuticsMD Inc. Common Stock,therapeutics,,nasdaq,United States,,23.1,micro_under_0.3,2.0,False,,,,,False,False,False,False,2021-02-02,industry,biotechnology: pharmaceutical preparations,2026-10-09,own_assumption
QNRX,Quoin Pharmaceuticals Ltd. American Depositary Shares,therapeutics,,nasdaq,Israel,2016,22.6,micro_under_0.3,4.7,True,,,,,False,False,True,False,2021-11-02,industry,biotechnology: pharmaceutical preparations,2026-10-09,own_assumption
SHPH,Shuttle Pharmaceuticals Holdings Inc. Common Stock,therapeutics,,nasdaq,United States,2022,22.4,micro_under_0.3,4.71,False,,,,,False,False,False,False,2022-09-01,industry,biotechnology: pharmaceutical preparations,2026-10-09,own_assumption
AYTU,Aytu BioPharma Inc.  Common Stock,therapeutics,,nasdaq,United States,,22.3,micro_under_0.3,2.05,False,,,,,False,False,False,False,2021-02-02,industry,biotechnology: pharmaceutical preparations,2026-10-09,own_assumption
UPC,Universe Pharmaceuticals Inc. Class A Ordinary Shares,therapeutics,,nasdaq,China,2021,21.6,micro_under_0.3,4.305,False,,,,,False,False,False,False,2021-04-01,industry,biotechnology: pharmaceutical preparations,2026-10-09,own_assumption
COCP,Cocrystal Pharma Inc. Common Stock,therapeutics,,nasdaq,United States,,20.4,micro_under_0.3,1.06,False,,,,,False,False,False,False,2021-02-02,industry,biotechnology: pharmaceutical preparations,2026-10-09,own_assumption
AKTX,Akari Therapeutics plc ADS,therapeutics,,nasdaq,United Kingdom,,19.7,micro_under_0.3,8.625,True,,,,,False,False,False,False,2021-02-02,industry,biotechnology: pharmaceutical preparations,2026-10-09,own_assumption
JSPR,Jasper Therapeutics Inc. Common Stock,therapeutics,,nasdaq,United States,2020,19.0,micro_under_0.3,0.5697,False,,,,,False,False,True,False,2021-10-01,industry,biotechnology: biological products (no diagnostic substances),2026-10-09,own_assumption
PBM,Psyence Biomedical Ltd. Common Shares,therapeutics,,nasdaq,Canada,,18.6,micro_under_0.3,4.88,False,,,,,False,False,False,False,2024-02-01,industry,biotechnology: pharmaceutical preparations,2026-10-09,own_assumption
NEUP,Neuphoria Therapeutics Inc. Common Stock,therapeutics,,nasdaq,United States,2021,18.5,micro_under_0.3,3.42,False,,,,,False,False,True,False,2025-01-01,industry,biotechnology: pharmaceutical preparations,2026-10-09,own_assumption
DYAI,Dyadic International Inc. Common Stock,therapeutics,,nasdaq,United States,,18.3,micro_under_0.3,0.4565,False,,,,,False,False,False,False,2021-02-02,industry,biotechnology: biological products (no diagnostic substances),2026-10-09,own_assumption
ESLA,Estrella Immunopharma Inc. Common Stock,therapeutics,,nasdaq,United States,2021,18.2,micro_under_0.3,0.4193,False,,,,,False,False,False,False,2023-10-03,industry,biotechnology: biological products (no diagnostic substances),2026-10-09,own_assumption
LPCN,Lipocine Inc. Common Stock,therapeutics,,nasdaq,United States,,18.1,micro_under_0.3,2.2,False,,,,,False,False,False,False,2021-02-02,industry,biotechnology: pharmaceutical preparations,2026-10-09,own_assumption
TCRX,TScan Therapeutics Inc. Common Stock,therapeutics,,nasdaq,United States,2021,17.6,micro_under_0.3,0.2769,False,,,,,False,False,False,False,2021-08-03,industry,biotechnology: biological products (no diagnostic substances),2026-10-09,own_assumption
NCEL,NewcelX Ltd. Ordinary Shares,therapeutics,,nasdaq,Switzerland,2021,17.5,micro_under_0.3,3.035,False,,,,,False,False,False,False,2025-12-02,industry,biotechnology: pharmaceutical preparations,2026-10-09,own_assumption
ACTU,Actuate Therapeutics Inc. Common stock,therapeutics,,nasdaq,United States,2024,17.4,micro_under_0.3,0.7242,False,,,,,False,False,False,False,2024-09-04,industry,biotechnology: pharmaceutical preparations,2026-10-09,own_assumption
MRKR,Marker Therapeutics Inc. Common Stock,therapeutics,,nasdaq,United States,,17.3,micro_under_0.3,1.04,False,,,,,False,False,False,False,2021-02-02,industry,biotechnology: pharmaceutical preparations,2026-10-09,own_assumption
PTN,Palatin Technologies Inc. Common Stock,therapeutics,,nasdaq,United States,,17.0,micro_under_0.3,9.52,False,,,,,False,False,False,False,2021-02-02,industry,biotechnology: pharmaceutical preparations,2026-10-09,own_assumption
RKTO,Rocket One Inc. Common Stock,therapeutics,,nasdaq,United States,2019,16.7,micro_under_0.3,0.67,False,,,,,False,False,False,False,2026-06-02,industry,biotechnology: pharmaceutical preparations,2026-10-09,own_assumption
RADX,Radiopharm Theranostics Limited American Depositary Shares,therapeutics,,nasdaq,Australia,,16.6,micro_under_0.3,1.15,True,,,,,False,False,False,False,2025-01-01,industry,biotechnology: pharmaceutical preparations,2026-10-09,own_assumption
BCDA,BioCardia Inc. Common Stock,therapeutics,,nasdaq,United States,,16.5,micro_under_0.3,1.09,False,,,,,False,False,False,False,2021-02-02,industry,biotechnology: biological products (no diagnostic substances),2026-10-09,own_assumption
ALLR,Allarity Therapeutics Inc. Common Stock,therapeutics,,nasdaq,United States,,15.7,micro_under_0.3,0.984,False,,,,,False,False,False,False,2022-01-01,industry,biotechnology: pharmaceutical preparations,2026-10-09,own_assumption
LTRN,Lantern Pharma Inc. Common Stock,therapeutics,,nasdaq,United States,2020,15.6,micro_under_0.3,0.91,False,,,,,False,False,False,False,2021-02-02,industry,biotechnology: pharmaceutical preparations,2026-10-09,own_assumption
DARE,Dare Bioscience Inc. Common Stock,therapeutics,,nasdaq,United States,2014,15.5,micro_under_0.3,0.79,False,,,,,False,False,False,False,2021-02-02,industry,biotechnology: pharmaceutical preparations,2026-10-09,own_assumption
AEON,AEON Biopharma Inc. Class A Common Stock,therapeutics,,amex,United States,,15.5,micro_under_0.3,0.3112,False,,,,,False,False,False,False,2023-08-01,industry,biotechnology: pharmaceutical preparations,2026-10-09,own_assumption
KTTA,Pasithea Therapeutics Corp. Common Stock,therapeutics,,nasdaq,United States,2021,14.8,micro_under_0.3,0.4434,False,,,,,False,False,False,False,2021-10-01,industry,biotechnology: pharmaceutical preparations,2026-10-09,own_assumption
TVRD,Tvardi Therapeutics Inc. Common Stock,therapeutics,,nasdaq,United States,2014,14.7,micro_under_0.3,1.1,False,,,,,False,False,False,False,2025-05-01,industry,biotechnology: pharmaceutical preparations,2026-10-09,own_assumption
KPTI,Karyopharm Therapeutics Inc. Common Stock,therapeutics,,nasdaq,United States,2013,14.6,micro_under_0.3,0.645,False,,,,,False,False,True,False,2021-02-02,industry,biotechnology: pharmaceutical preparations,2026-10-09,own_assumption
CLRB,Cellectar Biosciences Inc.  Common Stock,therapeutics,,nasdaq,United States,,14.3,micro_under_0.3,1.51,False,,,,,False,False,True,False,2021-02-02,industry,biotechnology: pharmaceutical preparations,2026-10-09,own_assumption
HIND,Vyome Holdings Inc. Common Stock,therapeutics,,nasdaq,United States,2016,14.3,micro_under_0.3,2.04,False,,,,,False,False,False,False,2025-09-03,industry,biotechnology: pharmaceutical preparations,2026-10-09,own_assumption
BFRI,Biofrontera Inc. Common Stock,therapeutics,,nasdaq,United States,2021,13.9,micro_under_0.3,0.9354,False,,,,,False,False,False,False,2021-11-02,industry,biotechnology: pharmaceutical preparations,2026-10-09,own_assumption
CTXR,Citius Pharmaceuticals Inc. Common Stock,therapeutics,,nasdaq,United States,,13.8,micro_under_0.3,0.5011,False,,,,,False,False,False,False,2021-02-02,industry,biotechnology: pharmaceutical preparations,2026-10-09,own_assumption
INAB,IN8bio Inc. Common Stock,therapeutics,,nasdaq,United States,2021,13.8,micro_under_0.3,1.4,False,,,,,False,False,False,False,2021-08-03,industry,biotechnology: biological products (no diagnostic substances),2026-10-09,own_assumption
BFRG,Bullfrog AI Holdings Inc. Common Stock,therapeutics,,nasdaq,United States,2023,13.1,micro_under_0.3,0.7086,False,,,,,False,False,False,False,2023-03-01,industry,biotechnology: pharmaceutical preparations,2026-10-09,own_assumption
PLUR,Pluri Inc. Common Stock,therapeutics,,nasdaq,Israel,,13.1,micro_under_0.3,1.04,False,,,,,False,False,False,False,2022-08-02,industry,biotechnology: biological products (no diagnostic substances),2026-10-09,own_assumption
TPST,Tempest Therapeutics Inc. Common Stock,therapeutics,,nasdaq,United States,,13.1,micro_under_0.3,0.7914,False,,,,,False,False,False,False,2021-07-01,industry,biotechnology: pharmaceutical preparations,2026-10-09,own_assumption
GTBP,GT Biopharma Inc. Common Stock,therapeutics,,nasdaq,United States,,12.8,micro_under_0.3,6.2,False,,,,,False,False,False,False,2021-03-02,industry,biotechnology: pharmaceutical preparations,2026-10-09,own_assumption
LSTA,Lisata Therapeutics Inc. Common Stock,therapeutics,,nasdaq,United States,,12.6,micro_under_0.3,1.17,False,,,,,False,False,False,False,2022-10-01,industry,biotechnology: pharmaceutical preparations,2026-10-09,own_assumption
INTS,Intensity Therapeutics Inc. Common stock,therapeutics,,nasdaq,United States,2023,12.4,micro_under_0.3,3.8,False,,,,,False,False,False,False,2023-07-01,industry,biotechnology: biological products (no diagnostic substances),2026-10-09,own_assumption
PASG,Passage Bio Inc. Common Stock,therapeutics,,nasdaq,United States,2020,12.4,micro_under_0.3,3.855,False,,,,,False,False,False,False,2021-02-02,industry,biotechnology: biological products (no diagnostic substances),2026-10-09,own_assumption
BIVI,BioVie Inc. Class A Common Stock,therapeutics,,nasdaq,United States,,12.2,micro_under_0.3,1.4,False,,,,,False,False,False,False,2021-02-02,industry,biotechnology: pharmaceutical preparations,2026-10-09,own_assumption
ASBP,Aspire-Lakewood Holdings Inc. Common Stock,therapeutics,,nasdaq,United States,2022,12.1,micro_under_0.3,8.63,False,,,,,False,False,False,False,2025-03-01,industry,biotechnology: pharmaceutical preparations,2026-10-09,own_assumption
GDTC,CytoMed Therapeutics Limited Ordinary Shares,therapeutics,,nasdaq,Singapore,2023,11.6,micro_under_0.3,0.98,False,,,,,False,False,False,False,2023-05-02,industry,biotechnology: pharmaceutical preparations,2026-10-09,own_assumption
PHIO,Phio Pharmaceuticals Corp. Common Stock,therapeutics,,nasdaq,United States,,11.6,micro_under_0.3,0.9995,False,,,,,False,False,False,False,2021-02-02,industry,biotechnology: pharmaceutical preparations,2026-10-09,own_assumption
MDCX,Medicus Pharma Ltd. Common Stock,therapeutics,,nasdaq,Canada,,11.5,micro_under_0.3,0.1602,False,,,,,False,False,False,False,2024-12-03,industry,biotechnology: pharmaceutical preparations,2026-10-09,own_assumption
KPRX,Kiora Pharmaceuticals Inc.  Common Stock,therapeutics,,nasdaq,United States,,11.2,micro_under_0.3,2.53,False,,,,,False,False,False,False,2021-12-01,industry,biotechnology: pharmaceutical preparations,2026-10-09,own_assumption
BLRX,BioLineRx Ltd. American Depositary Shares,therapeutics,,nasdaq,Israel,,11.0,micro_under_0.3,2.205,True,,,,,False,False,False,False,2021-02-02,industry,biotechnology: pharmaceutical preparations,2026-10-09,own_assumption
VTGN,Vistagen Therapeutics Inc. Common Stock,therapeutics,,nasdaq,United States,,11.0,micro_under_0.3,0.2471,False,,,,,False,False,False,False,2021-02-02,industry,biotechnology: pharmaceutical preparations,2026-10-09,own_assumption
APUS,Apimeds Pharmaceuticals US Inc. Common Stock,therapeutics,,amex,,2025,10.9,micro_under_0.3,7.05,False,,,,,False,False,False,False,2025-06-03,industry,biotechnology: pharmaceutical preparations,2026-10-09,own_assumption
TOVX,Theriva Biologics Inc. Common Stock,therapeutics,,amex,United States,,10.7,micro_under_0.3,0.234,False,,,,,False,False,False,False,2022-11-01,industry,biotechnology: pharmaceutical preparations,2026-10-09,own_assumption
ADIL,Adial Pharmaceuticals Inc Common Stock,therapeutics,,nasdaq,United States,2018,10.5,micro_under_0.3,3.99,False,,,,,False,False,False,False,2021-02-02,industry,biotechnology: pharmaceutical preparations,2026-10-09,own_assumption
SNTI,Senti Biosciences Holdings Inc. Common Stock,therapeutics,,nasdaq,United States,2021,10.3,micro_under_0.3,0.33,False,,,,,False,False,False,False,2022-07-01,industry,biotechnology: biological products (no diagnostic substances),2026-10-09,own_assumption
CALC,CalciMedica Inc. Common Stock,therapeutics,,nasdaq,United States,2023,10.1,micro_under_0.3,1.48,False,,,,,False,False,False,False,2023-07-01,industry,biotechnology: pharmaceutical preparations,2026-10-09,own_assumption
CMMB,Chemomab Therapeutics Ltd. American Depositary Share,therapeutics,,nasdaq,Israel,2019,9.9,micro_under_0.3,1.37,True,,,,,False,False,False,False,2021-04-01,industry,biotechnology: pharmaceutical preparations,2026-10-09,own_assumption
MTVA,MetaVia Inc. Common Stock,therapeutics,,nasdaq,United States,2016,9.6,micro_under_0.3,1.46,False,,,,,False,False,False,False,2024-12-03,industry,biotechnology: pharmaceutical preparations,2026-10-09,own_assumption
MBRX,Moleculin Biotech Inc. Common Stock,therapeutics,,nasdaq,United States,2016,8.9,micro_under_0.3,0.4389,False,,,,,False,False,False,False,2021-02-02,industry,biotechnology: pharmaceutical preparations,2026-10-09,own_assumption
IMRN,Immuron Limited American Depositary Shares,therapeutics,,nasdaq,Australia,2017,8.8,micro_under_0.3,1.09,True,,,,,False,False,False,False,2021-02-02,industry,biotechnology: pharmaceutical preparations,2026-10-09,own_assumption
ENSC,Ensysce Biosciences Inc. Common Stock,therapeutics,,nasdaq,United States,,8.4,micro_under_0.3,0.4294,False,,,,,False,False,False,False,2021-08-03,industry,biotechnology: pharmaceutical preparations,2026-10-09,own_assumption
AZTR,Azitra Inc Common Stock,therapeutics,,amex,,2023,8.0,micro_under_0.3,0.132,False,,,,,False,False,False,False,2023-07-01,industry,biotechnology: pharmaceutical preparations,2026-10-09,own_assumption
CNSP,CNS Pharmaceuticals Inc. Common Stock,therapeutics,,nasdaq,United States,2019,7.9,micro_under_0.3,5.43,False,,,,,False,False,False,False,2021-02-02,industry,biotechnology: pharmaceutical preparations,2026-10-09,own_assumption
LGVN,Longeveron Inc. Class A Common Stock,therapeutics,,nasdaq,United States,2021,7.8,micro_under_0.3,2.44,False,,,,,False,False,False,False,2021-03-02,industry,biotechnology: pharmaceutical preparations,2026-10-09,own_assumption
SNGX,Soligenix Inc. Common Stock,therapeutics,,nasdaq,United States,,7.7,micro_under_0.3,0.3535,False,,,,,False,False,False,False,2021-02-02,industry,biotechnology: pharmaceutical preparations,2026-10-09,own_assumption
APRE,Aprea Therapeutics Inc. Common stock,therapeutics,,nasdaq,United States,2019,7.6,micro_under_0.3,0.605,False,,,,,False,False,False,False,2021-02-02,industry,biotechnology: pharmaceutical preparations,2026-10-09,own_assumption
FBLG,FibroBiologics Inc. Common Stock,therapeutics,,nasdaq,United States,,7.6,micro_under_0.3,1.14,False,,,,,False,False,False,False,2024-03-01,industry,biotechnology: pharmaceutical preparations,2026-10-09,own_assumption
CURX,Curanex Pharmaceuticals Inc Common Stock,therapeutics,,nasdaq,United States,2025,7.5,micro_under_0.3,4.77,False,,,,,False,False,False,False,2025-09-03,industry,biotechnology: pharmaceutical preparations,2026-10-09,own_assumption
TRAW,Traws Pharma Inc. Common Stock,therapeutics,,nasdaq,United States,2013,7.4,micro_under_0.3,0.479,False,,,,,False,False,True,False,2024-05-01,industry,biotechnology: pharmaceutical preparations,2026-10-09,own_assumption
INM,InMed Pharmaceuticals Inc. Common Shares,therapeutics,,nasdaq,Canada,,7.3,micro_under_0.3,1.33,False,,,,,False,False,False,False,2021-02-02,industry,biotechnology: pharmaceutical preparations,2026-10-09,own_assumption
LEXX,Lexaria Bioscience Corp. Common Stock,therapeutics,,nasdaq,Canada,,7.3,micro_under_0.3,3.46,False,,,,,False,False,False,False,2021-02-02,industry,biotechnology: pharmaceutical preparations,2026-10-09,own_assumption
SKYE,Skye Bioscience Inc. Common Stock,therapeutics,,nasdaq,United States,,7.3,micro_under_0.3,1.65,False,,,,,False,False,False,False,2024-05-01,industry,biotechnology: pharmaceutical preparations,2026-10-09,own_assumption
AIM,AIM ImmunoTech Inc. Common Stock,therapeutics,,amex,,,7.3,micro_under_0.3,0.1828,False,,,,,False,False,False,False,2021-02-02,industry,biotechnology: biological products (no diagnostic substances),2026-10-09,own_assumption
ACXP,Acurx Pharmaceuticals Inc. Common Stock,therapeutics,,nasdaq,United States,2021,7.2,micro_under_0.3,1.3,False,,,,,False,False,False,False,2021-07-01,industry,biotechnology: pharmaceutical preparations,2026-10-09,own_assumption
NRSN,NeuroSense Therapeutics Ltd. Ordinary Shares,therapeutics,,nasdaq,Israel,2021,7.2,micro_under_0.3,3.82,False,,,,,False,False,False,False,2022-01-01,industry,biotechnology: pharmaceutical preparations,2026-10-09,own_assumption
BTTC,Black Titan Corporation Ordinary Shares,therapeutics,,nasdaq,Malaysia,,7.0,micro_under_0.3,0.513,False,,,,,False,False,False,False,2025-11-01,industry,biotechnology: biological products (no diagnostic substances),2026-10-09,own_assumption
KALA,KALA BIO Inc. Common Stock,therapeutics,,nasdaq,United States,2017,7.0,micro_under_0.3,0.36,False,,,,,False,False,False,False,2021-02-02,industry,biotechnology: pharmaceutical preparations,2026-10-09,own_assumption
BOLT,Bolt Biotherapeutics Inc. Common Stock,therapeutics,,nasdaq,United States,2021,6.9,micro_under_0.3,3.6,False,,,,,False,False,True,False,2021-03-02,industry,biotechnology: pharmaceutical preparations,2026-10-09,own_assumption
SCNX,Scienture Holdings Inc. Common Stock,therapeutics,,nasdaq,United States,,6.8,micro_under_0.3,4.13,False,,,,,False,False,False,False,2024-10-01,industry,biotechnology: pharmaceutical preparations,2026-10-09,own_assumption
CELZ,Creative Medical Technology Holdings Inc. Common Stock,therapeutics,,nasdaq,United States,,6.7,micro_under_0.3,0.889,False,,,,,False,False,False,False,2022-01-01,industry,biotechnology: biological products (no diagnostic substances),2026-10-09,own_assumption
ENVB,Enveric Biosciences Inc. Common Stock,therapeutics,,nasdaq,United States,,6.7,micro_under_0.3,1.495,False,,,,,False,False,False,False,2021-02-02,industry,biotechnology: pharmaceutical preparations,2026-10-09,own_assumption
XCUR,Exicure Inc. Common Stock,therapeutics,,nasdaq,United States,,6.7,micro_under_0.3,1.02,False,,,,,False,False,False,False,2021-02-02,industry,biotechnology: pharmaceutical preparations,2026-10-09,own_assumption
ALZN,Alzamend Neuro Inc. Common Stock,therapeutics,,nasdaq,United States,2021,6.6,micro_under_0.3,1.37,False,,,,,False,False,False,False,2021-07-01,industry,biotechnology: pharmaceutical preparations,2026-10-09,own_assumption
IMNN,Imunon Inc. Common Stock,therapeutics,,nasdaq,United States,,6.4,micro_under_0.3,1.14,False,,,,,False,False,False,False,2022-10-01,industry,biotechnology: pharmaceutical preparations,2026-10-09,own_assumption
JAGX,Jaguar Health Inc. Common Stock,therapeutics,,nasdaq,United States,2015,6.4,micro_under_0.3,5.0,False,,,,,False,False,False,False,2021-02-02,industry,biotechnology: pharmaceutical preparations,2026-10-09,own_assumption
CANF,Can-Fite Biopharma Ltd American Depositary Shares each representing two (2) Ordinary Shares,therapeutics,,amex,Israel,,6.4,micro_under_0.3,2.1,True,,,,,False,False,False,False,2021-02-02,industry,biotechnology: pharmaceutical preparations,2026-10-09,own_assumption
ENLV,Enlivex Ltd. Ordinary Shares,therapeutics,,nasdaq,Israel,2014,6.1,micro_under_0.3,0.3064,False,,,,,False,False,False,False,2021-02-02,industry,biotechnology: pharmaceutical preparations,2026-10-09,own_assumption
GELS,Gelteq Limited Ordinary Shares,therapeutics,,nasdaq,Australia,2024,6.0,micro_under_0.3,0.5601,False,,,,,False,False,False,False,2024-11-01,industry,biotechnology: pharmaceutical preparations,2026-10-09,own_assumption
BGMS,Bio Green Med Solution Inc. Common Stock,therapeutics,,nasdaq,United States,,5.6,micro_under_0.3,0.85,False,,,,,False,False,False,False,2025-10-01,industry,biotechnology: pharmaceutical preparations,2026-10-09,own_assumption
DRMA,Dermata Therapeutics Inc. Common Stock,therapeutics,,nasdaq,United States,2021,5.5,micro_under_0.3,1.12,False,,,,,False,False,False,False,2021-09-01,industry,biotechnology: pharmaceutical preparations,2026-10-09,own_assumption
PULM,Pulmatrix Inc. Common Stock,therapeutics,,nasdaq,United States,2014,5.4,micro_under_0.3,1.49,False,,,,,False,False,False,False,2021-02-02,industry,biotechnology: pharmaceutical preparations,2026-10-09,own_assumption
ADXN,Addex Therapeutics Ltd American Depositary Shares,therapeutics,,nasdaq,Switzerland,,5.3,micro_under_0.3,3.13,True,,,,,False,False,False,False,2021-02-02,industry,biotechnology: pharmaceutical preparations,2026-10-09,own_assumption
LIMN,Liminatus Pharma Inc. Class A Common Stock,therapeutics,,nasdaq,United States,,5.2,micro_under_0.3,3.88,False,,,,,False,False,False,False,2025-06-03,industry,biotechnology: biological products (no diagnostic substances),2026-10-09,own_assumption
XBIO,Xenetic Biosciences Inc. Common Stock,therapeutics,,nasdaq,United States,,5.2,micro_under_0.3,2.21,False,,,,,False,False,False,False,2021-02-02,industry,biotechnology: pharmaceutical preparations,2026-10-09,own_assumption
LNAI,Lunai Bioworks Inc. Common Stock,therapeutics,,nasdaq,United States,,4.9,micro_under_0.3,1.09,False,,,,,False,False,False,False,2025-11-01,industry,biotechnology: pharmaceutical preparations,2026-10-09,own_assumption
PPCB,Propanc Biopharma Inc. Common Stock,therapeutics,,nasdaq,Australia,,4.9,micro_under_0.3,0.4987,False,,,,,False,False,False,False,2025-09-03,industry,biotechnology: pharmaceutical preparations,2026-10-09,own_assumption
XTLB,XTL Biopharmaceuticals Ltd. American Depositary Shares,therapeutics,,nasdaq,Israel,,4.9,micro_under_0.3,1.98,True,,,,,False,False,False,False,2021-02-02,industry,biotechnology: pharmaceutical preparations,2026-10-09,own_assumption
NCNA,NuCana plc American Depositary Share,therapeutics,,nasdaq,United Kingdom,2017,4.7,micro_under_0.3,1.14,True,,,,,False,False,False,False,2021-02-02,industry,biotechnology: pharmaceutical preparations,2026-10-09,own_assumption
PMCB,PharmaCyte  Biotech Inc. Common Stock,therapeutics,,nasdaq,United States,,4.4,micro_under_0.3,0.4056,False,,,,,False,False,False,False,2021-09-01,industry,biotechnology: biological products (no diagnostic substances),2026-10-09,own_assumption
GRI,GRI Bio Inc. Common Stock,therapeutics,,nasdaq,United States,2021,4.0,micro_under_0.3,1.85,False,,,,,False,False,False,False,2023-05-02,industry,biotechnology: pharmaceutical preparations,2026-10-09,own_assumption
PCSA,Processa Pharmaceuticals Inc. Common Stock,therapeutics,,nasdaq,United States,,4.0,micro_under_0.3,1.42,False,,,,,False,False,False,False,2021-02-02,industry,biotechnology: pharmaceutical preparations,2026-10-09,own_assumption
ERNA,Ernexa Therapeutics Inc. Common Stock,therapeutics,,nasdaq,United States,,3.9,micro_under_0.3,2.39,False,,,,,False,False,False,False,2022-11-01,industry,biotechnology: pharmaceutical preparations,2026-10-09,own_assumption
SXTP,60 Degrees Pharmaceuticals Inc. Common Stock,therapeutics,,nasdaq,United States,2023,3.9,micro_under_0.3,1.1,False,,,,,False,False,False,False,2023-08-01,industry,biotechnology: pharmaceutical preparations,2026-10-09,own_assumption
CAPS,Capstone Holding Corp. Common Stock,therapeutics,,nasdaq,United States,,3.7,micro_under_0.3,0.1401,False,,,,,False,False,False,False,2025-04-01,industry,biotechnology: pharmaceutical preparations,2026-10-09,own_assumption
JUNS,Jupiter Neurosciences Inc. Common Stock,therapeutics,,nasdaq,United States,2024,3.7,micro_under_0.3,2.84,False,,,,,False,False,False,False,2025-01-01,industry,biotechnology: pharmaceutical preparations,2026-10-09,own_assumption
SLXN,Silexion Therapeutics Corp Ordinary Shares,therapeutics,,nasdaq,Israel,,3.7,micro_under_0.3,0.2536,False,,,,,False,False,False,False,2024-09-04,industry,biotechnology: biological products (no diagnostic substances),2026-10-09,own_assumption
SXTC,China SXT Pharmaceuticals Inc. Class A Ordinary Shares,therapeutics,,nasdaq,China,2019,3.7,micro_under_0.3,2.83,False,,,,,False,False,False,False,2021-02-02,industry,biotechnology: pharmaceutical preparations,2026-10-09,own_assumption
CLDI,Calidi Biotherapeutics Inc. Common Stock,therapeutics,,amex,,2021,3.7,micro_under_0.3,1.01,False,,,,,False,False,False,False,2023-10-03,industry,biotechnology: biological products (no diagnostic substances),2026-10-09,own_assumption
EOCN,Eocene Ltd. Ordinary Shares,therapeutics,,nasdaq,Israel,2014,3.6,micro_under_0.3,3.4578,False,,,,,False,False,False,False,2026-10-01,industry,biotechnology: pharmaceutical preparations,2026-10-09,own_assumption
CVKD,Cadrenal Therapeutics Inc. Common Stock,therapeutics,,nasdaq,United States,2023,3.5,micro_under_0.3,0.9723,False,,,,,False,False,False,False,2023-02-01,industry,biotechnology: pharmaceutical preparations,2026-10-09,own_assumption
HCWB,HCW Biologics Inc. Common Stock,therapeutics,,nasdaq,United States,2021,3.5,micro_under_0.3,1.56,False,,,,,False,False,False,False,2021-08-03,industry,biotechnology: pharmaceutical preparations,2026-10-09,own_assumption
MBIO,Mustang Bio Inc. Common Stock,therapeutics,,nasdaq,United States,,3.4,micro_under_0.3,0.4502,False,,,,,False,False,False,False,2021-02-02,industry,biotechnology: pharmaceutical preparations,2026-10-09,own_assumption
APVO,Aptevo Therapeutics Inc. Common Stock,therapeutics,,nasdaq,United States,,3.3,micro_under_0.3,1.84,False,,,,,False,False,False,False,2021-02-02,industry,biotechnology: pharmaceutical preparations,2026-10-09,own_assumption
CMND,Clearmind Medicine Inc. Common Shares,therapeutics,,nasdaq,Canada,,3.3,micro_under_0.3,6.6,False,,,,,False,False,False,False,2022-12-01,industry,biotechnology: pharmaceutical preparations,2026-10-09,own_assumption
REVB,Revelation Biosciences Inc. Common Stock,therapeutics,,nasdaq,United States,2020,3.3,micro_under_0.3,0.8281,False,,,,,False,False,False,False,2022-02-01,industry,biotechnology: pharmaceutical preparations,2026-10-09,own_assumption
VIVS,VivoSim Labs Inc. Common Stock,therapeutics,,nasdaq,United States,,3.2,micro_under_0.3,0.1915,False,,,,,False,False,False,False,2025-05-01,industry,biotechnology: biological products (no diagnostic substances),2026-10-09,own_assumption
XRTX,XORTX Therapeutics Inc. Common Shares,therapeutics,,nasdaq,Canada,,3.2,micro_under_0.3,1.745,False,,,,,False,False,False,False,2021-11-02,industry,biotechnology: pharmaceutical preparations,2026-10-09,own_assumption
PRFX,PRF Technologies Ltd. Ordinary Shares,therapeutics,,nasdaq,Israel,2020,3.1,micro_under_0.3,0.8777,False,,,,,False,False,False,False,2021-02-02,industry,biotechnology: pharmaceutical preparations,2026-10-09,own_assumption
DCOY,Decoy Therapeutics Inc. Common Stock,therapeutics,,nasdaq,United States,2015,3.0,micro_under_0.3,1.61,False,,,,,False,False,False,False,2026-02-03,industry,biotechnology: pharmaceutical preparations,2026-10-09,own_assumption
SBFM,Sunshine Biopharma Inc. Common Stock,therapeutics,,nasdaq,Canada,,3.0,micro_under_0.3,0.7,False,,,,,False,False,False,False,2022-03-01,industry,biotechnology: pharmaceutical preparations,2026-10-09,own_assumption
GOVX,GeoVax Labs Inc. Common Stock,therapeutics,,nasdaq,United States,,2.9,micro_under_0.3,0.2894,False,,,,,False,False,False,False,2021-02-02,industry,biotechnology: pharmaceutical preparations,2026-10-09,own_assumption
RDHL,Redhill Biopharma Ltd. American Depositary Shares,therapeutics,,nasdaq,Israel,,2.9,micro_under_0.3,0.474,True,,,,,False,False,False,False,2021-02-02,industry,biotechnology: pharmaceutical preparations,2026-10-09,own_assumption
KAPA,Kairos Pharma Ltd. Common Stock,therapeutics,,amex,,2024,2.9,micro_under_0.3,0.87,False,,,,,False,False,False,False,2024-10-01,industry,biotechnology: pharmaceutical preparations,2026-10-09,own_assumption
HLSQ,Tessera Defense and Homeland Security Inc. Common Stock,therapeutics,,amex,,2019,2.8,micro_under_0.3,0.3092,False,,,,,False,False,False,False,2026-10-01,industry,biotechnology: biological products (no diagnostic substances),2026-10-09,own_assumption
SPRC,SciSparc Ltd. Ordinary Shares,therapeutics,,nasdaq,Israel,,2.7,micro_under_0.3,4.64,False,,,,,False,False,False,False,2022-01-01,industry,biotechnology: pharmaceutical preparations,2026-10-09,own_assumption
MTNB,Matinas Biopharma Holdings Inc. Common Stock,therapeutics,,amex,United States,2017,2.7,micro_under_0.3,2.77,False,,,,,False,False,False,False,2021-02-02,industry,biotechnology: pharmaceutical preparations,2026-10-09,own_assumption
ONCO,Onconetix Inc. Common Stock,therapeutics,,nasdaq,United States,2022,2.6,micro_under_0.3,0.5972,False,,,,,False,False,False,False,2024-01-03,industry,biotechnology: pharmaceutical preparations,2026-10-09,own_assumption
ELAB,PMGC Holdings Inc. Common Stock,therapeutics,,nasdaq,United States,2023,2.5,micro_under_0.3,3.14,False,,,,,False,False,False,False,2023-12-01,industry,biotechnology: pharmaceutical preparations,2026-10-09,own_assumption
SILO,Silo Pharma Inc. Common Stock,therapeutics,,nasdaq,United States,,2.5,micro_under_0.3,1.44,False,,,,,False,False,False,False,2022-10-01,industry,biotechnology: pharmaceutical preparations,2026-10-09,own_assumption
BDRX,Biodexa Pharmaceuticals plc American Depositary Shs,therapeutics,,nasdaq,United Kingdom,,2.4,micro_under_0.3,0.5638,True,,,,,False,False,False,False,2023-04-01,industry,biotechnology: pharmaceutical preparations,2026-10-09,own_assumption
PPBT,Purple Biotech Ltd. American Depositary Shares,therapeutics,,nasdaq,Israel,2015,2.4,micro_under_0.3,1.46,True,,,,,False,False,False,False,2021-02-02,industry,biotechnology: pharmaceutical preparations,2026-10-09,own_assumption
OGEN,Oragenics Inc. Common Stock,therapeutics,,amex,United States,,2.3,micro_under_0.3,0.4999,False,,,,,False,False,False,False,2021-02-02,industry,biotechnology: pharmaceutical preparations,2026-10-09,own_assumption
GNPX,Genprex Inc. Common Stock,therapeutics,,nasdaq,United States,2018,2.1,micro_under_0.3,2.62,False,,,,,False,False,False,False,2021-02-02,industry,biotechnology: pharmaceutical preparations,2026-10-09,own_assumption
TCRT,Alaunos Therapeutics Inc. Common Stock,therapeutics,,nasdaq,United States,,2.1,micro_under_0.3,0.8381,False,,,,,False,False,False,False,2022-02-01,industry,biotechnology: pharmaceutical preparations,2026-10-09,own_assumption
LABT,Lakewood-Amedex Biotherapeutics Inc. Common Stock,therapeutics,,nasdaq,United States,,2.0,micro_under_0.3,0.8498,False,,,,,False,False,False,False,2026-05-01,industry,biotechnology: pharmaceutical preparations,2026-10-09,own_assumption
ARTL,Artelo Biosciences Inc. Common Stock,therapeutics,,nasdaq,United States,,1.9,micro_under_0.3,3.41,False,,,,,False,False,False,False,2021-02-02,industry,biotechnology: pharmaceutical preparations,2026-10-09,own_assumption
CRIS,Curis Inc. Common Stock,therapeutics,,nasdaq,United States,,1.5,micro_under_0.3,0.7366,False,,,,,False,False,False,False,2021-02-02,industry,biotechnology: biological products (no diagnostic substances),2026-10-09,own_assumption
SCNI,Scinai Immunotherapeutics Ltd. American Depositary Shares,therapeutics,,nasdaq,Israel,2015,1.5,micro_under_0.3,1.13,True,,,,,False,False,False,False,2023-10-03,industry,biotechnology: biological products (no diagnostic substances),2026-10-09,own_assumption
CDT,CDT Equity Inc. Common Stock,therapeutics,,nasdaq,United States,2022,0.9,micro_under_0.3,0.836,False,,,,,False,False,False,False,2023-10-03,industry,biotechnology: pharmaceutical preparations,2026-10-09,own_assumption
TMO,Thermo Fisher Scientific Inc Common Stock,tools,tools_diversified,nyse,United States,,244794.9,mega_over_25,662.06,False,,,,,False,False,False,False,2021-02-02,override,industrial machinery/components,2026-10-09,own_assumption
DHR,Danaher Corporation Common Stock,tools,tools_diversified,nyse,United States,,153595.4,mega_over_25,218.49,False,,,,,False,False,False,False,2021-02-02,override,industrial machinery/components,2026-10-09,own_assumption
A,Agilent Technologies Inc. Common Stock,tools,,nyse,United States,1999,47671.3,mega_over_25,169.09,False,,,,,False,False,False,False,2021-02-02,industry,biotechnology: laboratory analytical instruments,2026-10-09,own_assumption
WAT,Waters Corporation Common Stock,tools,,nyse,United States,1995,42835.2,mega_over_25,435.99,False,,,,,False,False,False,False,2021-02-02,industry,biotechnology: laboratory analytical instruments,2026-10-09,own_assumption
ILMN,Illumina Inc. Common Stock,tools,sequencing,nasdaq,United States,2000,40431.8,mega_over_25,267.76,False,,,,,False,False,True,True,2021-02-02,override,medical specialities,2026-10-09,own_assumption
MTD,Mettler-Toledo International Inc. Common Stock,tools,,nyse,Switzerland,1997,30725.7,mega_over_25,1533.48,False,,,,,False,False,False,False,2021-02-02,industry,biotechnology: laboratory analytical instruments,2026-10-09,own_assumption
WST,West Pharmaceutical Services Inc. Common Stock,tools,pharma_packaging,nyse,United States,,25791.3,mega_over_25,366.48,False,,,,,False,False,False,False,2021-02-02,override,medical/dental instruments,2026-10-09,own_assumption
RVTY,Revvity Inc. Common Stock,tools,,nyse,United States,,17139.7,large_10_to_25,153.6,False,,,,,False,False,False,False,2023-06-01,industry,biotechnology: laboratory analytical instruments,2026-10-09,own_assumption
TECH,Bio-Techne Corp Common Stock,tools,reagents,nasdaq,United States,,11374.0,large_10_to_25,72.53,False,,,,,False,False,False,False,2021-02-02,override,biotechnology: biological products (no diagnostic substances),2026-10-09,own_assumption
AVTR,Avantor Inc. Common Stock,tools,,nyse,United States,2019,10382.1,large_10_to_25,15.35,False,,,,,False,False,False,False,2021-02-02,industry,biotechnology: laboratory analytical instruments,2026-10-09,own_assumption
TWST,Twist Bioscience Corporation Common Stock,tools,synthetic_dna,nasdaq,United States,2018,10319.8,large_10_to_25,155.65,False,,,,,False,False,True,True,2021-02-02,override,biotechnology: biological products (no diagnostic substances),2026-10-09,own_assumption
TXG,10x Genomics Inc. Class A Common Stock,tools,single_cell_spatial,nasdaq,United States,2019,9915.2,mid_2_to_10,76.1,False,,,,,False,False,True,True,2021-02-02,override,biotechnology: laboratory analytical instruments,2026-10-09,own_assumption
BIO,Bio-Rad Laboratories Inc. Class A Common Stock,tools,,nyse,United States,1980,9837.5,mid_2_to_10,367.92,False,,,,,False,False,False,False,2021-02-02,industry,biotechnology: laboratory analytical instruments,2026-10-09,own_assumption
BRKR,Bruker Corporation Common Stock,tools,,nasdaq,United States,,9098.9,mid_2_to_10,59.72,False,,,,,False,False,False,False,2021-02-02,industry,biotechnology: laboratory analytical instruments,2026-10-09,own_assumption
RGEN,Repligen Corporation Common Stock,tools,bioprocess,nasdaq,United States,1986,8181.0,mid_2_to_10,167.22,False,,,,,False,False,False,False,2021-02-02,override,biotechnology: biological products (no diagnostic substances),2026-10-09,own_assumption
STVN,Stevanato Group S.p.A. Ordinary Shares,tools,pharma_packaging,nyse,Italy,2021,5307.2,mid_2_to_10,19.44,False,,,,,False,False,False,False,2021-08-03,override,medical/dental instruments,2026-10-09,own_assumption
MRVI,Maravai LifeSciences Holdings Inc. Class A Common Stock,tools,reagents,nasdaq,United States,2020,1929.4,small_0.3_to_2,7.43,False,,,,,False,False,False,False,2021-02-02,override,biotechnology: pharmaceutical preparations,2026-10-09,own_assumption
ALMR,Alamar Biosciences Inc. Common Stock,tools,,nasdaq,United States,2026,1927.0,small_0.3_to_2,27.77,False,,,,,False,False,False,False,2026-05-01,industry,biotechnology: laboratory analytical instruments,2026-10-09,own_assumption
AZTA,Azenta Inc.,tools,sample_management,nasdaq,United States,,1572.3,small_0.3_to_2,35.89,False,,,,,False,False,False,False,2022-01-01,override,industrial machinery/components,2026-10-09,own_assumption
PACB,Pacific Biosciences of California Inc. Common Stock,tools,sequencing,nasdaq,United States,2010,845.5,small_0.3_to_2,2.72,False,,,,,False,False,True,True,2021-02-02,override,biotechnology: laboratory analytical instruments,2026-10-09,own_assumption
DNA,Ginkgo Bioworks Holdings Inc. Class A Common Stock,tools,synbio_platform,nyse,United States,2021,738.0,small_0.3_to_2,11.47,False,,,,,False,False,True,True,2021-10-01,override,biotechnology: biological products (no diagnostic substances),2026-10-09,own_assumption
CTKB,Cytek Biosciences Inc. Common Stock,tools,flow_cytometry,nasdaq,United States,2021,694.1,small_0.3_to_2,5.34,False,,,,,False,False,False,False,2021-08-03,override,biotechnology: laboratory analytical instruments,2026-10-09,own_assumption
QSI,Quantum-Si Incorporated Class A Common Stock,tools,proteomics,nasdaq,United States,2020,280.2,micro_under_0.3,1.28,False,,,,,False,False,True,True,2021-07-01,override,industrial machinery/components,2026-10-09,own_assumption
LAB,Standard BioTools Inc. Common Stock,tools,,nasdaq,United States,2011,266.4,micro_under_0.3,0.6787,False,,,,,False,False,False,False,2022-05-03,industry,biotechnology: laboratory analytical instruments,2026-10-09,own_assumption
NAUT,Nautilus Biotechnology Inc. Common Stock,tools,,nasdaq,United States,2020,249.4,micro_under_0.3,1.96,False,,,,,False,False,False,False,2021-07-01,industry,biotechnology: laboratory analytical instruments,2026-10-09,own_assumption
QTRX,Quanterix Corporation Common Stock,tools,,nasdaq,United States,2017,157.2,micro_under_0.3,3.325,False,,,,,False,False,False,False,2021-02-02,industry,biotechnology: laboratory analytical instruments,2026-10-09,own_assumption
CDXS,Codexis Inc. Common Stock,tools,enzymes,nasdaq,United States,2010,154.4,micro_under_0.3,1.41,False,,,,,False,False,False,False,2021-02-02,override,major chemicals,2026-10-09,own_assumption
SEER,Seer Inc. Class A Common Stock,tools,,nasdaq,United States,2020,122.4,micro_under_0.3,2.21,False,,,,,False,False,False,False,2021-02-02,industry,biotechnology: laboratory analytical instruments,2026-10-09,own_assumption
MXCT,MaxCyte Inc. Common Stock,tools,cell_engineering,nasdaq,United States,2021,107.3,micro_under_0.3,1.04,False,,,,,False,False,False,False,2021-08-03,override,biotechnology: commercial physical & biological research,2026-10-09,own_assumption
CIRC,Circle8 Group Inc. Common Stock,tools,,nasdaq,United States,2024,52.6,micro_under_0.3,0.46,False,,,,,False,False,False,False,2026-08-01,industry,biotechnology: laboratory analytical instruments,2026-10-09,own_assumption
RPID,Rapid Micro Biosystems Inc. Class A Common Stock,tools,,nasdaq,United States,2021,45.0,micro_under_0.3,0.8977,False,,,,,False,False,False,False,2021-08-03,industry,biotechnology: laboratory analytical instruments,2026-10-09,own_assumption
PRPO,Precipio Inc.  Common Stock,tools,,nasdaq,United States,,42.1,micro_under_0.3,23.52,False,,,,,False,False,False,False,2021-02-02,industry,biotechnology: laboratory analytical instruments,2026-10-09,own_assumption
HBIO,Harvard Bioscience Inc. Common Stock,tools,,nasdaq,United States,2000,38.7,micro_under_0.3,8.5,False,,,,,False,False,False,False,2021-02-02,industry,biotechnology: laboratory analytical instruments,2026-10-09,own_assumption
BNGO,Bionano Genomics Inc. Common Stock,tools,,nasdaq,United States,2018,17.2,micro_under_0.3,1.46,False,,,,,False,False,False,False,2021-02-02,industry,biotechnology: laboratory analytical instruments,2026-10-09,own_assumption
ASTC,Astrotech Corporation (DE) Common Stock,tools,,nasdaq,United States,,13.8,micro_under_0.3,6.86,False,,,,,False,False,False,False,2021-02-02,industry,biotechnology: laboratory analytical instruments,2026-10-09,own_assumption
IQV,IQVIA Holdings Inc. Common Stock,services,cro,nyse,United States,2013,42484.9,mega_over_25,258.11,False,,,,,False,False,False,False,2021-02-02,override,biotechnology: commercial physical & biological research,2026-10-09,own_assumption
MEDP,Medpace Holdings Inc. Common Stock,services,cro,nasdaq,United States,2016,16865.6,large_10_to_25,604.25,False,,,,,False,False,False,False,2021-02-02,override,biotechnology: commercial physical & biological research,2026-10-09,own_assumption
CRL,Charles River Laboratories International Inc. Common Stock,services,cro_preclinical,nyse,United States,2000,14336.0,large_10_to_25,300.3,False,,,,,False,False,False,False,2021-02-02,override,biotechnology: commercial physical & biological research,2026-10-09,own_assumption
ICLR,ICON plc Ordinary Shares,services,cro,nasdaq,Ireland,1998,12563.2,large_10_to_25,164.08,False,,,,,False,False,False,False,2021-02-02,override,biotechnology: commercial physical & biological research,2026-10-09,own_assumption
SHC,Sotera Health Company Common Stock,services,sterilization,nasdaq,United States,2020,5108.2,mid_2_to_10,17.9,False,,,,,False,False,False,False,2021-02-02,override,misc health and biotechnology services,2026-10-09,own_assumption
FTRE,Fortrea Holdings Inc. Common Stock,services,cro,nasdaq,United States,,1955.3,small_0.3_to_2,20.56,False,,,,,False,False,False,False,2023-08-01,override,medical specialities,2026-10-09,own_assumption
OABI,OmniAb Inc. Common Stock,services,discovery_platform,nasdaq,United States,2021,663.0,small_0.3_to_2,4.56,False,,,,,False,False,False,False,2022-12-01,override,biotechnology: commercial physical & biological research,2026-10-09,own_assumption
ONMD,OneMedNet Corp Class A Common Stock,services,,nasdaq,United Kingdom,2021,29.5,micro_under_0.3,4.91,False,,,,,False,False,False,False,2023-12-01,industry,biotechnology: commercial physical & biological research,2026-10-09,own_assumption
BIAF,bioAffinity Technologies Inc. Common Stock,services,,nasdaq,United States,2022,7.2,micro_under_0.3,6.16,False,,,,,False,False,False,False,2022-10-01,industry,biotechnology: commercial physical & biological research,2026-10-09,own_assumption
ISPC,iSpecimen Inc. Common Stock,services,,nasdaq,United States,2021,2.8,micro_under_0.3,1.1,False,,,,,False,False,False,False,2021-07-01,industry,biotechnology: commercial physical & biological research,2026-10-09,own_assumption
NTRA,Natera Inc. Common Stock,diagnostics,genetic_testing,nasdaq,United States,2015,57017.7,mega_over_25,395.56,False,,,,,False,False,True,True,2021-02-02,override,medical specialities,2026-10-09,own_assumption
IDXX,IDEXX Laboratories Inc. Common Stock,diagnostics,animal_health_dx,nasdaq,United States,1991,39916.0,mega_over_25,506.67,False,,,,,False,False,False,False,2021-02-02,override,biotechnology: in vitro & in vivo diagnostic substances,2026-10-09,own_assumption
LH,Labcorp Holdings Inc. Common Stock,diagnostics,clinical_labs,nyse,United States,,25300.8,mega_over_25,311.97,False,,,,,False,False,False,False,2021-02-02,override,medical specialities,2026-10-09,own_assumption
DGX,Quest Diagnostics Incorporated Common Stock,diagnostics,clinical_labs,nyse,United States,,25061.4,mega_over_25,227.06,False,,,,,False,False,False,False,2021-02-02,override,medical specialities,2026-10-09,own_assumption
GH,Guardant Health Inc. Common Stock,diagnostics,cancer_screening,nasdaq,United States,2018,22589.2,large_10_to_25,168.33,False,,,,,False,False,True,True,2021-02-02,override,medical specialities,2026-10-09,own_assumption
TEM,Tempus AI Inc. Class A Common Stock,diagnostics,dx_data,nasdaq,United States,2024,12772.5,large_10_to_25,70.35,False,,,,,False,False,True,True,2024-07-02,override,computer software: programming data processing,2026-10-09,own_assumption
QGEN,Qiagen N.V. Common Shares,diagnostics,sample_to_insight,nyse,Netherlands,2026,9230.1,mid_2_to_10,44.79,False,,,,,False,False,False,False,2021-02-02,override,biotechnology: biological products (no diagnostic substances),2026-10-09,own_assumption
CAI,Caris Life Sciences Inc. Common Stock,diagnostics,,nasdaq,United States,2025,7658.3,mid_2_to_10,27.1,False,,,,,False,False,False,False,2021-02-02,industry,medical specialities,2026-10-09,own_assumption
GRAL,GRAIL Inc. Common Stock,diagnostics,cancer_screening,nasdaq,United States,,5936.1,mid_2_to_10,132.9,False,,,,,False,False,True,True,2024-07-02,override,medical specialities,2026-10-09,own_assumption
BLLN,BillionToOne Inc. Class A Common Stock,diagnostics,,nasdaq,United States,2025,4518.2,mid_2_to_10,95.75,False,,,,,False,False,False,False,2025-12-02,industry,medical specialities,2026-10-09,own_assumption
VCYT,Veracyte Inc. Common Stock,diagnostics,,nasdaq,United States,2013,3469.7,mid_2_to_10,43.16,False,,,,,False,False,True,True,2021-02-02,industry,medical specialities,2026-10-09,own_assumption
CDNA,CareDx Inc. Common Stock,diagnostics,,nasdaq,United States,2014,3261.3,mid_2_to_10,63.04,False,,,,,False,False,True,True,2021-02-02,industry,medical specialities,2026-10-09,own_assumption
NEOG,Neogen Corporation Common Stock,diagnostics,food_animal_safety,nasdaq,United States,1989,2547.5,mid_2_to_10,11.68,False,,,,,False,False,False,False,2021-02-02,override,biotechnology: in vitro & in vivo diagnostic substances,2026-10-09,own_assumption
NEO,NeoGenomics Inc. Common Stock,diagnostics,,nasdaq,United States,,2051.8,mid_2_to_10,15.97,False,,,,,False,False,False,False,2021-02-02,industry,precision instruments,2026-10-09,own_assumption
FRNM,Freenome Inc. Common stock,diagnostics,,nasdaq,United States,,1722.4,small_0.3_to_2,16.03,False,,,,,False,False,False,False,2026-08-01,industry,medical specialities,2026-10-09,own_assumption
PSNL,Personalis Inc. Common Stock,diagnostics,,nasdaq,United States,2019,1708.8,small_0.3_to_2,16.0,False,,,,,False,False,False,False,2021-02-02,industry,medical specialities,2026-10-09,own_assumption
CSTL,Castle Biosciences Inc. Common Stock,diagnostics,,nasdaq,United States,2019,1008.1,small_0.3_to_2,33.0,False,,,,,False,False,False,False,2021-02-02,industry,medical specialities,2026-10-09,own_assumption
QDEL,QuidelOrtho Corporation Common Stock,diagnostics,,nasdaq,United States,,844.2,small_0.3_to_2,12.31,False,,,,,False,False,False,False,2021-02-02,industry,biotechnology: in vitro & in vivo diagnostic substances,2026-10-09,own_assumption
NNNN,Anbio Biotechnology Class A Ordinary Shares,diagnostics,,nasdaq,Germany,2025,705.1,small_0.3_to_2,4.9,False,,,,,False,False,False,False,2025-03-01,industry,biotechnology: in vitro & in vivo diagnostic substances,2026-10-09,own_assumption
FLGT,Fulgent Genetics Inc. Common Stock,diagnostics,,nasdaq,United States,2016,566.0,small_0.3_to_2,20.57,False,,,,,False,False,False,False,2021-02-02,industry,medical specialities,2026-10-09,own_assumption
TKNO,Alpha Teknova Inc. Common Stock,diagnostics,,nasdaq,United States,2021,467.6,small_0.3_to_2,8.71,False,,,,,False,False,False,False,2021-07-01,industry,biotechnology: in vitro & in vivo diagnostic substances,2026-10-09,own_assumption
YDES,YD Bio Limited Ordinary Shares,diagnostics,,nasdaq,United States,,416.5,small_0.3_to_2,5.88,False,,,,,False,False,False,False,2025-09-03,industry,medical specialities,2026-10-09,own_assumption
MYGN,Myriad Genetics Inc. Common Stock,diagnostics,,nasdaq,United States,1995,409.4,small_0.3_to_2,4.28,False,,,,,False,False,False,False,2021-02-02,industry,biotechnology: in vitro & in vivo diagnostic substances,2026-10-09,own_assumption
BDSX,Biodesix Inc. Common Stock,diagnostics,,nasdaq,United States,2020,278.8,micro_under_0.3,26.42,False,,,,,False,False,False,False,2021-02-02,industry,medical specialities,2026-10-09,own_assumption
TLSI,TriSalus Life Sciences Inc. Common Stock,diagnostics,,nasdaq,United States,2021,261.7,micro_under_0.3,4.25,False,,,,,False,False,False,False,2023-09-01,industry,medical specialities,2026-10-09,own_assumption
XGN,Exagen Inc. Common Stock,diagnostics,,nasdaq,United States,2019,201.1,micro_under_0.3,8.3,False,,,,,False,False,False,False,2021-02-02,industry,medical specialities,2026-10-09,own_assumption
BNR,Burning Rock Biotech Limited American Depositary Shares,diagnostics,,nasdaq,China,2020,160.1,micro_under_0.3,15.18,True,,,,,False,False,False,False,2021-02-02,industry,medical specialities,2026-10-09,own_assumption
IMDX,Insight Molecular Diagnostics Inc. Common Stock,diagnostics,,nasdaq,United States,,113.2,micro_under_0.3,3.46,False,,,,,False,False,False,False,2025-07-01,industry,biotechnology: in vitro & in vivo diagnostic substances,2026-10-09,own_assumption
ICCC,ImmuCell Corporation Common Stock,diagnostics,,nasdaq,United States,1987,88.0,micro_under_0.3,9.69,False,,,,,False,False,False,False,2021-02-02,industry,biotechnology: in vitro & in vivo diagnostic substances,2026-10-09,own_assumption
SERA,Sera Prognostics Inc. Class A Common Stock,diagnostics,,nasdaq,United States,2021,81.7,micro_under_0.3,2.07,False,,,,,False,False,False,False,2021-08-03,industry,medical specialities,2026-10-09,own_assumption
MDXH,MDxHealth SA Ordinary Shares,diagnostics,,nasdaq,Belgium,2021,57.2,micro_under_0.3,0.5998,False,,,,,False,False,False,False,2021-12-01,industry,medical specialities,2026-10-09,own_assumption
ADVB,Advanced Biomed Inc. Common Stock,diagnostics,,nasdaq,Taiwan,2025,10.3,micro_under_0.3,6.21,False,,,,,False,False,False,False,2025-04-01,industry,medical specialities,2026-10-09,own_assumption
BMRA,Biomerica Inc. Common Stock,diagnostics,,nasdaq,United States,,8.8,micro_under_0.3,1.91,False,,,,,False,False,False,False,2021-02-02,industry,biotechnology: in vitro & in vivo diagnostic substances,2026-10-09,own_assumption
ACON,Aclarion Inc. Common Stock,diagnostics,,nasdaq,United States,2022,6.8,micro_under_0.3,2.35,False,,,,,False,False,False,False,2022-05-03,industry,medical specialities,2026-10-09,own_assumption
VNRX,VolitionRX Limited Common Stock,diagnostics,,amex,Singapore,2015,6.8,micro_under_0.3,0.226,False,,,,,False,False,False,False,2021-02-02,industry,biotechnology: in vitro & in vivo diagnostic substances,2026-10-09,own_assumption
CDIO,Cardio Diagnostics Holdings Inc. Common stock,diagnostics,,nasdaq,United States,2022,5.8,micro_under_0.3,1.96,False,,,,,False,False,False,False,2022-11-01,industry,biotechnology: in vitro & in vivo diagnostic substances,2026-10-09,own_assumption
TRIB,Trinity Biotech plc American Depositary Shares,diagnostics,,nasdaq,Ireland,1992,5.5,micro_under_0.3,6.75,True,,,,,False,False,False,False,2021-02-02,industry,biotechnology: in vitro & in vivo diagnostic substances,2026-10-09,own_assumption
QCLS,Q/C Technologies Inc. Common Stock,diagnostics,,nasdaq,United States,2014,5.2,micro_under_0.3,0.632,False,,,,,False,False,False,False,2025-10-01,industry,biotechnology: in vitro & in vivo diagnostic substances,2026-10-09,own_assumption
AIDX,20/20 Biolabs Inc. Common Stock,diagnostics,,nasdaq,United States,,4.4,micro_under_0.3,0.3435,False,,,,,False,False,False,False,2026-03-03,industry,precision instruments,2026-10-09,own_assumption
BGLC,BioNexus Gene Lab Corp Common stock,diagnostics,,nasdaq,Malaysia,,3.9,micro_under_0.3,1.34,False,,,,,False,False,False,False,2023-08-01,industry,medical specialities,2026-10-09,own_assumption
VRAX,Virax Biolabs Group Limited Ordinary Shares,diagnostics,,nasdaq,United Kingdom,2022,2.8,micro_under_0.3,2.11,False,,,,,False,False,False,False,2022-08-02,industry,biotechnology: in vitro & in vivo diagnostic substances,2026-10-09,own_assumption
VEEV,Veeva Systems Inc. Class A Common Stock,software_data,life_science_software,nyse,United States,2013,45739.3,mega_over_25,282.5,False,,,,,False,False,False,False,2021-02-02,override,computer software: prepackaged software,2026-10-09,own_assumption
SDGR,Schrodinger Inc. Common Stock,software_data,discovery_software,nasdaq,United States,2020,2041.4,mid_2_to_10,27.29,False,,,,,False,False,True,True,2021-02-02,override,biotechnology: pharmaceutical preparations,2026-10-09,own_assumption
CERT,Certara Inc. Common Stock,software_data,discovery_software,nasdaq,United States,2020,1366.7,small_0.3_to_2,8.96,False,,,,,False,False,True,True,2021-02-02,override,computer software: prepackaged software,2026-10-09,own_assumption
ABT,Abbott Laboratories Common Stock,medtech,diversified,nyse,United States,,170840.7,mega_over_25,98.73,False,,,,,False,False,False,False,2021-02-02,override,biotechnology: pharmaceutical preparations,2026-10-09,own_assumption
ISRG,Intuitive Surgical Inc. Common Stock,medtech,,nasdaq,United States,2000,146440.8,mega_over_25,414.52,False,,,,,False,False,False,False,2021-02-02,industry,industrial specialties,2026-10-09,own_assumption
MDT,Medtronic plc. Ordinary Shares,medtech,,nyse,United States,,109379.1,mega_over_25,85.51,False,,,,,False,False,False,False,2021-02-02,industry,biotechnology: electromedical & electrotherapeutic apparatus,2026-10-09,own_assumption
SYK,Stryker Corporation Common Stock,medtech,,nyse,United States,,105636.0,mega_over_25,275.4,False,,,,,False,False,False,False,2021-02-02,industry,medical/dental instruments,2026-10-09,own_assumption
MMM,3M Company Common Stock,medtech,,nyse,United States,,83608.9,mega_over_25,162.12,False,,,,,False,False,False,False,2021-02-02,industry,medical/dental instruments,2026-10-09,own_assumption
BSX,Boston Scientific Corporation Common Stock,medtech,,nyse,United States,,60259.0,mega_over_25,41.58,False,,,,,False,False,False,False,2021-02-02,industry,medical/dental instruments,2026-10-09,own_assumption
EW,Edwards Lifesciences Corporation Common Stock,medtech,,nyse,United States,,49443.6,mega_over_25,85.78,False,,,,,False,False,False,False,2021-02-02,industry,industrial specialties,2026-10-09,own_assumption
BDX,Becton Dickinson and Company Common Stock,medtech,,nyse,United States,,49073.2,mega_over_25,180.16,False,,,,,False,False,False,False,2021-02-02,industry,medical/dental instruments,2026-10-09,own_assumption
MDLN,Medline Inc. Class A Common Stock,medtech,,nasdaq,United States,2025,46606.4,mega_over_25,35.45,False,,,,,False,False,False,False,2026-01-01,industry,medical/dental instruments,2026-10-09,own_assumption
DXCM,DexCom Inc. Common Stock,medtech,,nasdaq,United States,2005,31811.5,mega_over_25,84.3,False,,,,,False,False,False,False,2021-02-02,industry,medical/dental instruments,2026-10-09,own_assumption
RMD,ResMed Inc. Common Stock,medtech,,nyse,United States,,31781.7,mega_over_25,225.98,False,,,,,False,False,False,False,2021-02-02,industry,medical/dental instruments,2026-10-09,own_assumption
ALC,Alcon Inc. Ordinary Shares,medtech,,nyse,Switzerland,2019,31481.1,mega_over_25,63.0,False,,,,,False,False,False,False,2021-02-02,industry,ophthalmic goods,2026-10-09,own_assumption
GEHC,GE HealthCare Technologies Inc. Common Stock,medtech,,nasdaq,United States,,29210.5,mega_over_25,64.67,False,,,,,False,False,False,False,2023-02-01,industry,medical electronics,2026-10-09,own_assumption
PHG,Koninklijke Philips N.V. NY Registry Shares,medtech,,nyse,Netherlands,,23677.7,large_10_to_25,24.09,False,,,,,False,False,False,False,2021-02-02,industry,medical electronics,2026-10-09,own_assumption
STE,STERIS plc (Ireland) Ordinary Shares,medtech,,nyse,United States,,20443.8,large_10_to_25,209.68,False,,,,,False,False,False,False,2021-02-02,industry,industrial specialties,2026-10-09,own_assumption
ZBH,Zimmer Biomet Holdings Inc. Common Stock,medtech,,nyse,United States,,16878.4,large_10_to_25,88.49,False,,,,,False,False,False,False,2021-02-02,industry,industrial specialties,2026-10-09,own_assumption
SOLV,Solventum Corporation Common Stock,medtech,,nyse,United States,2024,14618.8,large_10_to_25,85.88,False,,,,,False,False,False,False,2024-04-02,industry,medical/dental instruments,2026-10-09,own_assumption
PEN,Penumbra Inc. Common Stock,medtech,,nyse,United States,2015,12460.8,large_10_to_25,316.35,False,,,,,False,False,False,False,2021-02-02,industry,medical/dental instruments,2026-10-09,own_assumption
BAX,Baxter International Inc. Common Stock,medtech,,nyse,United States,,12392.4,large_10_to_25,23.97,False,,,,,False,False,False,False,2021-02-02,industry,medical/dental instruments,2026-10-09,own_assumption
SNN,Smith & Nephew SNATS Inc. Common Stock,medtech,,nyse,United Kingdom,,11259.1,large_10_to_25,26.89,False,,,,,False,False,False,False,2021-02-02,industry,industrial specialties,2026-10-09,own_assumption
COO,The Cooper Companies Inc. Common Stock,medtech,,nasdaq,United States,,10411.0,large_10_to_25,54.75,False,,,,,False,False,False,False,2021-02-02,industry,ophthalmic goods,2026-10-09,own_assumption
GKOS,Glaukos Corporation Common Stock,medtech,,nyse,United States,2015,10155.9,large_10_to_25,172.18,False,,,,,False,False,False,False,2021-02-02,industry,medical/dental instruments,2026-10-09,own_assumption
ALGN,Align Technology Inc. Common Stock,medtech,,nasdaq,United States,2001,9936.3,mid_2_to_10,139.87,False,,,,,False,False,False,False,2021-02-02,industry,industrial specialties,2026-10-09,own_assumption
GMED,Globus Medical Inc. Class A Common Stock,medtech,,nyse,United States,2012,9901.8,mid_2_to_10,73.75,False,,,,,False,False,False,False,2021-02-02,industry,medical/dental instruments,2026-10-09,own_assumption
PODD,Insulet Corporation Common Stock,medtech,,nasdaq,United States,2007,9318.4,mid_2_to_10,134.36,False,,,,,False,False,False,False,2021-02-02,industry,medical/dental instruments,2026-10-09,own_assumption
MSA,MSA Safety Incorporated Common Stock,medtech,,nyse,United States,2000,6916.3,mid_2_to_10,179.28,False,,,,,False,False,False,False,2021-02-02,industry,industrial specialties,2026-10-09,own_assumption
BLCO,Bausch + Lomb Corporation Common Shares,medtech,,nyse,,2022,6193.2,mid_2_to_10,17.34,False,,,,,False,False,False,False,2022-06-01,industry,ophthalmic goods,2026-10-09,own_assumption
MMED,MiniMed Group Inc. Common Stock,medtech,,nasdaq,United States,2026,5376.6,mid_2_to_10,19.11,False,,,,,False,False,False,False,2026-04-01,industry,medical/dental instruments,2026-10-09,own_assumption
TFX,Teleflex Incorporated Common Stock,medtech,,nyse,United States,,5274.5,mid_2_to_10,124.48,False,,,,,False,False,False,False,2021-02-02,industry,medical/dental instruments,2026-10-09,own_assumption
MMSI,Merit Medical Systems Inc. Common Stock,medtech,,nasdaq,United States,,5080.8,mid_2_to_10,85.09,False,,,,,False,False,False,False,2021-02-02,industry,medical/dental instruments,2026-10-09,own_assumption
HAE,Haemonetics Corporation Common Stock,medtech,,nyse,United States,1991,4627.5,mid_2_to_10,101.71,False,,,,,False,False,False,False,2021-02-02,industry,medical/dental instruments,2026-10-09,own_assumption
ITGR,Integer Holdings Corporation Common Stock,medtech,,nyse,United States,,4303.1,mid_2_to_10,126.59,False,,,,,False,False,False,False,2021-02-02,industry,biotechnology: electromedical & electrotherapeutic apparatus,2026-10-09,own_assumption
HTFL,Heartflow Inc. Common Stock,medtech,,nasdaq,United States,2025,4292.0,mid_2_to_10,49.36,False,,,,,False,False,False,False,2025-09-03,industry,medical/dental instruments,2026-10-09,own_assumption
LIVN,LivaNova PLC Ordinary Shares,medtech,,nasdaq,United Kingdom,,4183.2,mid_2_to_10,75.93,False,,,,,False,False,False,False,2021-02-02,industry,biotechnology: electromedical & electrotherapeutic apparatus,2026-10-09,own_assumption
ICUI,ICU Medical Inc. Common Stock,medtech,,nasdaq,United States,1992,3901.8,mid_2_to_10,156.03,False,,,,,False,False,False,False,2021-02-02,industry,medical/dental instruments,2026-10-09,own_assumption
NVST,Envista Holdings Corporation Common Stock,medtech,,nyse,United States,2019,3700.6,mid_2_to_10,23.04,False,,,,,False,False,False,False,2021-02-02,industry,medical/dental instruments,2026-10-09,own_assumption
PLSE,Pulse Biosciences Inc Common Stock (DE),medtech,,nasdaq,United States,2016,3501.2,mid_2_to_10,49.09,False,,,,,False,False,False,False,2021-02-02,industry,medical/dental instruments,2026-10-09,own_assumption
IRTC,iRhythm Holdings Inc. Common Stock,medtech,,nasdaq,United States,2016,3460.8,mid_2_to_10,104.99,False,,,,,False,False,False,False,2021-02-02,industry,medical/dental instruments,2026-10-09,own_assumption
WRBY,Warby Parker Inc. Class A Common Stock,medtech,,nyse,United States,2021,3128.5,mid_2_to_10,25.31,False,,,,,False,False,False,False,2021-10-01,industry,ophthalmic goods,2026-10-09,own_assumption
TMDX,TransMedics Group Inc. Common Stock,medtech,,nasdaq,United States,2019,2811.1,mid_2_to_10,81.07,False,,,,,False,False,False,False,2021-02-02,industry,biotechnology: electromedical & electrotherapeutic apparatus,2026-10-09,own_assumption
ATRC,AtriCure Inc. Common Stock,medtech,,nasdaq,United States,2005,2711.7,mid_2_to_10,53.31,False,,,,,False,False,False,False,2021-02-02,industry,medical/dental instruments,2026-10-09,own_assumption
UFPT,UFP Technologies Inc. Common Stock,medtech,,nasdaq,United States,1993,2268.5,mid_2_to_10,292.87,False,,,,,False,False,False,False,2021-02-02,industry,medical/dental instruments,2026-10-09,own_assumption
BFLY,Butterfly Network Inc. Class A Common Stock,medtech,,nyse,United States,2020,2202.2,mid_2_to_10,8.27,False,,,,,False,False,False,False,2021-03-02,industry,medical electronics,2026-10-09,own_assumption
AXGN,Axogen Inc. Common Stock,medtech,,nasdaq,United States,,2114.5,mid_2_to_10,36.04,False,,,,,False,False,False,False,2021-02-02,industry,biotechnology: electromedical & electrotherapeutic apparatus,2026-10-09,own_assumption
INSP,Inspire Medical Systems Inc. Common Stock,medtech,,nyse,United States,2018,1950.0,small_0.3_to_2,67.45,False,,,,,False,False,False,False,2021-02-02,industry,medical/dental instruments,2026-10-09,own_assumption
ESTA,Establishment Labs Holdings Inc. Common Shares,medtech,,nasdaq,Costa Rica,2018,1902.9,small_0.3_to_2,63.85,False,,,,,False,False,False,False,2021-02-02,industry,industrial specialties,2026-10-09,own_assumption
LMAT,LeMaitre Vascular Inc. Common Stock,medtech,,nasdaq,United States,2006,1813.8,small_0.3_to_2,79.31,False,,,,,False,False,False,False,2021-02-02,industry,medical/dental instruments,2026-10-09,own_assumption
NVCR,NovoCure Limited Ordinary Shares,medtech,,nasdaq,Jersey,2015,1707.1,small_0.3_to_2,14.66,False,,,,,False,False,False,False,2021-02-02,industry,medical/dental instruments,2026-10-09,own_assumption
XRAY,DENTSPLY SIRONA Inc. Common Stock,medtech,,nasdaq,United States,1987,1702.5,small_0.3_to_2,8.54,False,,,,,False,False,False,False,2021-02-02,industry,medical/dental instruments,2026-10-09,own_assumption
ATEC,Alphatec Holdings Inc. Common Stock,medtech,,nasdaq,United States,2006,1583.1,small_0.3_to_2,10.25,False,,,,,False,False,False,False,2021-02-02,industry,medical/dental instruments,2026-10-09,own_assumption
KMTS,Kestra Medical Technologies Ltd. Common Stock,medtech,,nasdaq,United States,2025,1577.8,small_0.3_to_2,26.49,False,,,,,False,False,False,False,2025-04-01,industry,medical/dental instruments,2026-10-09,own_assumption
EYE,National Vision Holdings Inc. Common Stock,medtech,,nasdaq,United States,2017,1329.9,small_0.3_to_2,16.82,False,,,,,False,False,False,False,2021-02-02,industry,ophthalmic goods,2026-10-09,own_assumption
CNMD,CONMED Corporation Common Stock,medtech,,nyse,United States,1987,1324.7,small_0.3_to_2,44.23,False,,,,,False,False,False,False,2021-02-02,industry,biotechnology: electromedical & electrotherapeutic apparatus,2026-10-09,own_assumption
DRTS,Alpha Tau Medical Ltd. Ordinary Shares,medtech,,nasdaq,Israel,,1317.8,small_0.3_to_2,14.25,False,,,,,False,False,False,False,2022-04-01,industry,medical/dental instruments,2026-10-09,own_assumption
STAA,STAAR Surgical Company Common Stock,medtech,,nasdaq,United States,,1121.2,small_0.3_to_2,22.36,False,,,,,False,False,False,False,2021-02-02,industry,ophthalmic goods,2026-10-09,own_assumption
TNDM,Tandem Diabetes Care Inc. Common Stock,medtech,,nasdaq,United States,2013,1102.1,small_0.3_to_2,15.84,False,,,,,False,False,False,False,2021-02-02,industry,medical/dental instruments,2026-10-09,own_assumption
IRMD,iRadimed Corporation Common Stock,medtech,,nasdaq,United States,2014,1092.9,small_0.3_to_2,85.47,False,,,,,False,False,False,False,2021-02-02,industry,medical/dental instruments,2026-10-09,own_assumption
BVS,Bioventus Inc. Class A Common Stock,medtech,,nasdaq,United States,2021,1073.9,small_0.3_to_2,12.77,False,,,,,False,False,False,False,2021-03-02,industry,medical/dental instruments,2026-10-09,own_assumption
CDRE,Cadre Holdings Inc. Common Stock,medtech,,nyse,United States,2021,1069.2,small_0.3_to_2,24.97,False,,,,,False,False,False,False,2021-12-01,industry,industrial specialties,2026-10-09,own_assumption
AORT,Artivion Inc. Common Stock,medtech,,nyse,United States,,1053.6,small_0.3_to_2,21.61,False,,,,,False,False,False,False,2022-02-01,industry,medical/dental instruments,2026-10-09,own_assumption
PRCT,PROCEPT BioRobotics Corporation Common Stock,medtech,,nasdaq,United States,2021,1025.8,small_0.3_to_2,17.91,False,,,,,False,False,False,False,2021-10-01,industry,medical/dental instruments,2026-10-09,own_assumption
ENOV,Enovis Corporation Common Stock,medtech,,nyse,United States,,1015.6,small_0.3_to_2,17.61,False,,,,,False,False,False,False,2022-05-03,industry,industrial specialties,2026-10-09,own_assumption
IART,Integra LifeSciences Holdings Corporation Common Stock,medtech,,nasdaq,United States,,1011.0,small_0.3_to_2,13.0,False,,,,,False,False,False,False,2021-02-02,industry,medical/dental instruments,2026-10-09,own_assumption
BBNX,Beta Bionics Inc. Common Stock,medtech,,nasdaq,United States,2025,951.8,small_0.3_to_2,18.08,False,,,,,False,False,False,False,2025-02-01,industry,medical/dental instruments,2026-10-09,own_assumption
CBLL,CeriBell Inc. Common Stock,medtech,,nasdaq,United States,2024,901.1,small_0.3_to_2,23.48,False,,,,,False,False,False,False,2024-11-01,industry,biotechnology: electromedical & electrotherapeutic apparatus,2026-10-09,own_assumption
SIBN,SI-BONE Inc. Common Stock,medtech,,nasdaq,United States,2018,856.0,small_0.3_to_2,19.1,False,,,,,False,False,False,False,2021-02-02,industry,medical/dental instruments,2026-10-09,own_assumption
INMD,InMode Ltd. Ordinary Shares,medtech,,nasdaq,Israel,2019,805.3,small_0.3_to_2,14.01,False,,,,,False,False,False,False,2021-02-02,industry,biotechnology: electromedical & electrotherapeutic apparatus,2026-10-09,own_assumption
SGP,SpyGlass Pharma Inc. Common Stock,medtech,,nasdaq,United States,2026,799.4,small_0.3_to_2,23.9,False,,,,,False,False,False,False,2026-03-03,industry,medical/dental instruments,2026-10-09,own_assumption
MDXG,MiMedx Group Inc Common Stock,medtech,,nasdaq,United States,,672.0,small_0.3_to_2,4.61,False,,,,,False,False,False,False,2021-02-02,industry,medical/dental instruments,2026-10-09,own_assumption
AVR,Anteris Technologies Global Corp. Common Stock,medtech,,nasdaq,United States,2024,664.7,small_0.3_to_2,6.82,False,,,,,False,False,False,False,2025-01-01,industry,industrial specialties,2026-10-09,own_assumption
KIDS,OrthoPediatrics Corp. Common Stock,medtech,,nasdaq,United States,2017,586.9,small_0.3_to_2,22.48,False,,,,,False,False,False,False,2021-02-02,industry,medical/dental instruments,2026-10-09,own_assumption
ANGO,AngioDynamics Inc. Common Stock,medtech,,nasdaq,United States,2004,586.5,small_0.3_to_2,14.19,False,,,,,False,False,False,False,2021-02-02,industry,medical/dental instruments,2026-10-09,own_assumption
SSII,SS Innovations International Inc. Common Stock,medtech,,nasdaq,India,,549.1,small_0.3_to_2,2.74,False,,,,,False,False,False,False,2025-05-01,industry,medical/dental instruments,2026-10-09,own_assumption
DCTH,Delcath Systems Inc. Common Stock,medtech,,nasdaq,United States,,533.7,small_0.3_to_2,15.38,False,,,,,False,False,False,False,2021-02-02,industry,medical/dental instruments,2026-10-09,own_assumption
TCMD,Tactile Systems Technology Inc. Common Stock,medtech,,nasdaq,United States,2016,498.8,small_0.3_to_2,22.02,False,,,,,False,False,False,False,2021-02-02,industry,medical/dental instruments,2026-10-09,own_assumption
SENS,Senseonics Holdings Inc. Common Stock,medtech,,nasdaq,United States,,484.3,small_0.3_to_2,9.16,False,,,,,False,False,False,False,2021-02-02,industry,medical/dental instruments,2026-10-09,own_assumption
SGHT,Sight Sciences Inc. Common Stock,medtech,,nasdaq,United States,2021,466.6,small_0.3_to_2,8.47,False,,,,,False,False,False,False,2021-08-03,industry,medical/dental instruments,2026-10-09,own_assumption
BWAY,BrainsWay Ltd. American Depositary Shares,medtech,,nasdaq,Israel,2019,466.3,small_0.3_to_2,11.62,True,,,,,False,False,False,False,2021-02-02,industry,medical/dental instruments,2026-10-09,own_assumption
CERS,Cerus Corporation Common Stock,medtech,,nasdaq,United States,1997,461.5,small_0.3_to_2,2.29,False,,,,,False,False,False,False,2021-02-02,industry,medical/dental instruments,2026-10-09,own_assumption
NPCE,Neuropace Inc. Common Stock,medtech,,nasdaq,United States,2021,438.0,small_0.3_to_2,12.76,False,,,,,False,False,False,False,2021-05-01,industry,medical/dental instruments,2026-10-09,own_assumption
RCEL,Avita Medical Inc. Common Stock,medtech,,nasdaq,United States,,403.6,small_0.3_to_2,13.05,False,,,,,False,False,False,False,2021-02-02,industry,medical/dental instruments,2026-10-09,own_assumption
CARL,Carlsmed Inc. Common Stock,medtech,,nasdaq,United States,2025,392.6,small_0.3_to_2,14.38,False,,,,,False,False,False,False,2025-08-01,industry,medical/dental instruments,2026-10-09,own_assumption
SI,Shoulder Innovations Inc. Common Stock,medtech,,nyse,United States,2025,389.5,small_0.3_to_2,18.71,False,,,,,False,False,False,False,2021-02-02,industry,medical/dental instruments,2026-10-09,own_assumption
OFIX,Orthofix Medical Inc. Common Stock (DE),medtech,,nasdaq,Curacao,1992,374.7,small_0.3_to_2,9.2,False,,,,,False,False,False,False,2021-02-02,industry,medical/dental instruments,2026-10-09,own_assumption
CV,CapsoVision Inc. Common Stock,medtech,,nasdaq,United States,2025,347.9,small_0.3_to_2,6.54,False,,,,,False,False,False,False,2025-08-01,industry,biotechnology: electromedical & electrotherapeutic apparatus,2026-10-09,own_assumption
OBIO,Orchestra BioMed Holdings Inc. Ordinary Shares,medtech,drug_device,nasdaq,United States,2020,340.2,small_0.3_to_2,5.66,False,,,,,False,False,False,False,2023-02-01,override,medicinal chemicals and botanical products,2026-10-09,own_assumption
ZJYL,JIN MEDICAL INTERNATIONAL LTD. Class A Ordinary Shares,medtech,,nasdaq,China,2023,335.4,small_0.3_to_2,2.12,False,,,,,False,False,False,False,2023-04-01,industry,industrial specialties,2026-10-09,own_assumption
EMBC,Embecta Corp. Common Stock,medtech,,nasdaq,United States,,334.9,small_0.3_to_2,5.91,False,,,,,False,False,False,False,2022-05-03,industry,medical/dental instruments,2026-10-09,own_assumption
CLPT,ClearPoint Neuro Inc. Common Stock,medtech,,nasdaq,United States,,325.2,small_0.3_to_2,10.66,False,,,,,False,False,False,False,2021-02-02,industry,medical/dental instruments,2026-10-09,own_assumption
SMTI,Sanara MedTech Inc. Common Stock,medtech,,nasdaq,United States,,322.0,small_0.3_to_2,35.05,False,,,,,False,False,False,False,2021-02-02,industry,industrial specialties,2026-10-09,own_assumption
MOBI,Mobia Medical Inc. Common Stock,medtech,,nasdaq,United States,2026,283.3,micro_under_0.3,8.51,False,,,,,False,False,False,False,2026-06-02,industry,medical/dental instruments,2026-10-09,own_assumption
INFU,InfuSystems Holdings Inc. Common Stock,medtech,,amex,United States,,265.5,micro_under_0.3,13.33,False,,,,,False,False,False,False,2021-02-02,industry,medical/dental instruments,2026-10-09,own_assumption
ANIK,Anika Therapeutics Inc. Common Stock,medtech,,nasdaq,United States,,261.4,micro_under_0.3,19.53,False,,,,,False,False,False,False,2021-02-02,industry,medical/dental instruments,2026-10-09,own_assumption
OSUR,OraSure Technologies Inc. Common Stock,medtech,,nasdaq,United States,,257.3,micro_under_0.3,3.73,False,,,,,False,False,False,False,2021-02-02,industry,medical/dental instruments,2026-10-09,own_assumption
TMCI,Treace Medical Concepts Inc. Common Stock,medtech,,nasdaq,United States,2021,253.0,micro_under_0.3,3.89,False,,,,,False,False,False,False,2021-05-01,industry,medical/dental instruments,2026-10-09,own_assumption
UTMD,Utah Medical Products Inc. Common Stock,medtech,,nasdaq,United States,,233.9,micro_under_0.3,73.45,False,,,,,False,False,False,False,2021-02-02,industry,medical/dental instruments,2026-10-09,own_assumption
ELMD,Electromed Inc. Common Stock,medtech,,amex,United States,2011,233.7,micro_under_0.3,28.2,False,,,,,False,False,False,False,2021-02-02,industry,biotechnology: electromedical & electrotherapeutic apparatus,2026-10-09,own_assumption
PROF,Profound Medical Corp. Common Stock,medtech,,nasdaq,Canada,,207.5,micro_under_0.3,5.68,False,,,,,False,False,False,False,2021-02-02,industry,medical/dental instruments,2026-10-09,own_assumption
PDEX,Pro-Dex Inc. Common Stock,medtech,,nasdaq,United States,,203.0,micro_under_0.3,62.8,False,,,,,False,False,False,False,2021-02-02,industry,medical/dental instruments,2026-10-09,own_assumption
RXST,RxSight Inc. Common Stock,medtech,,nasdaq,United States,2021,199.6,micro_under_0.3,4.8,False,,,,,False,False,False,False,2021-08-03,industry,ophthalmic goods,2026-10-09,own_assumption
FOCL,EDAP TMS S.A. American Depositary Shares,medtech,,nasdaq,France,,192.5,micro_under_0.3,4.19,True,,,,,False,False,False,False,2026-06-02,industry,biotechnology: electromedical & electrotherapeutic apparatus,2026-10-09,own_assumption
STIM,Neuronetics Inc. Common Stock,medtech,,nasdaq,United States,2018,165.3,micro_under_0.3,2.17,False,,,,,False,False,False,False,2021-02-02,industry,medical/dental instruments,2026-10-09,own_assumption
HSDT,Solana Company Class A Common Stock (DE),medtech,,nasdaq,United States,,164.7,micro_under_0.3,2.54,False,,,,,False,False,False,False,2021-02-02,industry,biotechnology: electromedical & electrotherapeutic apparatus,2026-10-09,own_assumption
INGN,Inogen Inc Common Stock,medtech,,nasdaq,United States,2014,154.5,micro_under_0.3,5.82,False,,,,,False,False,False,False,2021-02-02,industry,industrial specialties,2026-10-09,own_assumption
NYXH,Nyxoah SA Ordinary Shares,medtech,,nasdaq,Belgium,2021,142.1,micro_under_0.3,1.42,False,,,,,False,False,False,False,2021-08-03,industry,medical/dental instruments,2026-10-09,own_assumption
AGPU,Axe Compute Inc. Common Stock,medtech,,nasdaq,United States,,139.6,micro_under_0.3,12.04,False,,,,,False,False,False,False,2026-01-01,industry,industrial specialties,2026-10-09,own_assumption
KRMD,KORU Medical Systems Inc. Common Stock (DE),medtech,,nasdaq,United States,,137.6,micro_under_0.3,2.98,False,,,,,False,False,False,False,2021-02-02,industry,medical/dental instruments,2026-10-09,own_assumption
LUCD,Lucid Diagnostics Inc. Common Stock,medtech,,nasdaq,United States,2021,126.7,micro_under_0.3,0.6235,False,,,,,False,False,False,False,2021-11-02,industry,medical/dental instruments,2026-10-09,own_assumption
VANI,Vivani Medical Inc. Common Stock (DE),medtech,,nasdaq,United States,2014,114.6,micro_under_0.3,1.27,False,,,,,False,False,False,False,2022-09-01,industry,biotechnology: electromedical & electrotherapeutic apparatus,2026-10-09,own_assumption
STXS,Stereotaxis Inc. Common Stock,medtech,,amex,United States,,113.2,micro_under_0.3,1.13,False,,,,,False,False,False,False,2021-02-02,industry,biotechnology: electromedical & electrotherapeutic apparatus,2026-10-09,own_assumption
APYX,Apyx Medical Corporation Common Stock,medtech,,nasdaq,United States,,107.4,micro_under_0.3,2.55,False,,,,,False,False,False,False,2021-02-02,industry,medical/dental instruments,2026-10-09,own_assumption
LAKE,Lakeland Industries Inc. Common Stock,medtech,,nasdaq,United States,1986,106.2,micro_under_0.3,10.69,False,,,,,False,False,False,False,2021-02-02,industry,industrial specialties,2026-10-09,own_assumption
CNXU,Conexeu Sciences Inc. Common Stock,medtech,,nasdaq,United States,,102.7,micro_under_0.3,3.64,False,,,,,False,False,False,False,2026-06-02,industry,industrial specialties,2026-10-09,own_assumption
PYPD,PolyPid Ltd. Ordinary Shares,medtech,,nasdaq,Israel,2020,100.5,micro_under_0.3,4.95,False,,,,,False,False,False,False,2021-02-02,industry,medical/dental instruments,2026-10-09,own_assumption
QTEX,QTREX Quantum Ltd. Ordinary Shares,medtech,,nasdaq,Israel,2021,92.9,micro_under_0.3,1.66,False,,,,,False,False,False,False,2026-06-02,industry,medical/dental instruments,2026-10-09,own_assumption
HYPR,Hyperfine Inc. Class A Common Stock,medtech,,nasdaq,United States,2021,90.0,micro_under_0.3,0.849,False,,,,,False,False,False,False,2022-01-01,industry,biotechnology: electromedical & electrotherapeutic apparatus,2026-10-09,own_assumption
ECOR,electroCore Inc. Common Stock,medtech,,nasdaq,United States,2018,87.6,micro_under_0.3,9.72,False,,,,,False,False,False,False,2021-02-02,industry,biotechnology: electromedical & electrotherapeutic apparatus,2026-10-09,own_assumption
NRXS,Neuraxis Inc. Common Stock,medtech,,amex,United States,2023,85.8,micro_under_0.3,6.83,False,,,,,False,False,False,False,2023-09-01,industry,biotechnology: electromedical & electrotherapeutic apparatus,2026-10-09,own_assumption
NTRB,Nutriband Inc. Common Stock,medtech,,nasdaq,United States,,82.1,micro_under_0.3,6.755,False,,,,,False,False,False,False,2021-10-01,industry,industrial specialties,2026-10-09,own_assumption
LNSR,LENSAR Inc. Common Stock,medtech,,nasdaq,United States,,80.0,micro_under_0.3,6.51,False,,,,,False,False,False,False,2021-02-02,industry,medical/dental instruments,2026-10-09,own_assumption
OM,Outset Medical Inc. Common Stock,medtech,,nasdaq,United States,2020,79.1,micro_under_0.3,4.21,False,,,,,False,False,False,False,2021-02-02,industry,biotechnology: electromedical & electrotherapeutic apparatus,2026-10-09,own_assumption
LUNG,Pulmonx Corporation Common Stock,medtech,,nasdaq,United States,2020,79.0,micro_under_0.3,1.84,False,,,,,False,False,False,False,2021-02-02,industry,medical/dental instruments,2026-10-09,own_assumption
SKYA,SkyAI Inc. Common Stock,medtech,,nasdaq,United States,2022,78.3,micro_under_0.3,1.81,False,,,,,False,False,False,False,2021-08-03,industry,medical/dental instruments,2026-10-09,own_assumption
SKIN,SkinHealth Systems Inc. Class A Common Stock,medtech,,nasdaq,United States,2020,76.8,micro_under_0.3,0.5899,False,,,,,False,False,False,False,2021-06-02,industry,medical/dental instruments,2026-10-09,own_assumption
MBOT,Microbot Medical Inc. Common Stock,medtech,,nasdaq,Israel,,75.2,micro_under_0.3,1.12,False,,,,,False,False,False,False,2021-02-02,industry,medical/dental instruments,2026-10-09,own_assumption
DXR,Daxor Corporation Common Stock,medtech,,nasdaq,United States,,61.4,micro_under_0.3,10.51,False,,,,,False,False,False,False,2021-02-02,industry,medical/dental instruments,2026-10-09,own_assumption
APT,Alpha Pro Tech Ltd. Common Stock,medtech,,amex,Canada,2000,60.9,micro_under_0.3,5.97,False,,,,,False,False,False,False,2021-02-02,industry,industrial specialties,2026-10-09,own_assumption
GUTS,Fractyl Health Inc. Common Stock,medtech,,nasdaq,United States,2024,60.0,micro_under_0.3,4.52,False,,,,,False,False,False,False,2024-03-01,industry,medical/dental instruments,2026-10-09,own_assumption
DRIO,DarioHealth Corp. Common Stock,medtech,,nasdaq,Israel,,59.6,micro_under_0.3,6.08,False,,,,,False,False,False,False,2021-02-02,industry,medical/dental instruments,2026-10-09,own_assumption
MYO,Myomo Inc. Common Stock,medtech,,amex,United States,2017,57.4,micro_under_0.3,1.45,False,,,,,False,False,False,False,2021-02-02,industry,industrial specialties,2026-10-09,own_assumption
MDAI,Spectral AI Inc. Class A Common Stock,medtech,,nasdaq,United States,2021,52.8,micro_under_0.3,1.64,False,,,,,False,False,False,False,2023-10-03,industry,medical/dental instruments,2026-10-09,own_assumption
COCH,Envoy Medical Inc. Class A Common Stock,medtech,,nasdaq,United States,2021,50.4,micro_under_0.3,0.6534,False,,,,,False,False,False,False,2023-10-03,industry,industrial specialties,2026-10-09,own_assumption
POCI,Precision Optics Corporation Inc. Common stock,medtech,,nasdaq,United States,,49.6,micro_under_0.3,4.52,False,,,,,False,False,False,False,2022-12-01,industry,biotechnology: electromedical & electrotherapeutic apparatus,2026-10-09,own_assumption
MBAI,MBody AI Ltd. Ordinary Share,medtech,,nasdaq,Israel,2015,49.1,micro_under_0.3,3.21,False,,,,,False,False,False,False,2025-12-02,industry,medical electronics,2026-10-09,own_assumption
SRTS,Sensus Healthcare Inc. Common Stock,medtech,,nasdaq,United States,2016,48.4,micro_under_0.3,2.94,False,,,,,False,False,False,False,2021-02-02,industry,medical/dental instruments,2026-10-09,own_assumption
TELA,TELA Bio Inc. Common Stock,medtech,,nasdaq,United States,2019,48.3,micro_under_0.3,1.07,False,,,,,False,False,False,False,2021-02-02,industry,medical/dental instruments,2026-10-09,own_assumption
SNWV,SANUWAVE Health Inc. Common Stock,medtech,,nasdaq,United States,,47.7,micro_under_0.3,5.54,False,,,,,False,False,False,False,2025-04-01,industry,medical/dental instruments,2026-10-09,own_assumption
NNOX,NANO-X IMAGING LTD Ordinary Shares,medtech,,nasdaq,Israel,2020,46.8,micro_under_0.3,0.595,False,,,,,False,False,False,False,2021-02-02,industry,medical electronics,2026-10-09,own_assumption
XTNT,Xtant Medical Holdings Inc. Common Stock,medtech,,amex,United States,,45.1,micro_under_0.3,0.3215,False,,,,,False,False,False,False,2021-02-02,industry,medical/dental instruments,2026-10-09,own_assumption
CVRX,CVRx Inc. Common Stock,medtech,,nasdaq,United States,2021,44.5,micro_under_0.3,1.67,False,,,,,False,False,False,False,2021-07-01,industry,medical/dental instruments,2026-10-09,own_assumption
QTI,QT Imaging Holdings Inc. Common Stock,medtech,,nasdaq,United States,,37.6,micro_under_0.3,2.57,False,,,,,False,False,False,False,2024-04-02,industry,biotechnology: electromedical & electrotherapeutic apparatus,2026-10-09,own_assumption
NEPH,Nephros Inc. Common Stock,medtech,,nasdaq,United States,,34.8,micro_under_0.3,3.2,False,,,,,False,False,False,False,2021-02-02,industry,medical/dental instruments,2026-10-09,own_assumption
MLSS,Milestone Scientific Inc. Common Stock,medtech,,amex,United States,2015,33.5,micro_under_0.3,0.37,False,,,,,False,False,False,False,2021-02-02,industry,industrial specialties,2026-10-09,own_assumption
BDMD,Baird Medical Investment Holdings Ltd Ordinary Share,medtech,,nasdaq,China,,33.4,micro_under_0.3,0.79,False,,,,,False,False,False,False,2024-11-01,industry,medical/dental instruments,2026-10-09,own_assumption
BEAT,Heartbeam Inc. Common Stock,medtech,,nasdaq,United States,2021,30.6,micro_under_0.3,0.543,False,,,,,False,False,False,False,2021-02-02,industry,medical/dental instruments,2026-10-09,own_assumption
ITOC,iTonic Holdings Ltd Class A Ordinary Shares,medtech,,nasdaq,China,2024,30.4,micro_under_0.3,4.15,False,,,,,False,False,False,False,2026-02-03,industry,biotechnology: electromedical & electrotherapeutic apparatus,2026-10-09,own_assumption
ARAY,Accuray Incorporated Common Stock,medtech,,nasdaq,United States,2007,30.3,micro_under_0.3,0.2534,False,,,,,False,False,False,False,2021-02-02,industry,medical/dental instruments,2026-10-09,own_assumption
MODD,Modular Medical Inc. Common Stock,medtech,,nasdaq,United States,,25.3,micro_under_0.3,2.66,False,,,,,False,False,False,False,2022-02-01,industry,medical/dental instruments,2026-10-09,own_assumption
NSPR,InspireMD Inc. Common Stock,medtech,,nasdaq,Israel,,23.9,micro_under_0.3,0.514,False,,,,,False,False,False,False,2021-02-02,industry,medical/dental instruments,2026-10-09,own_assumption
PLRZ,Polyrizon Ltd. Ordinary Shares,medtech,,nasdaq,Israel,2024,22.2,micro_under_0.3,9.15,False,,,,,False,False,False,False,2024-11-01,industry,medical/dental instruments,2026-10-09,own_assumption
PAVM,PAVmed Inc. Common Stock,medtech,,nasdaq,United States,2016,21.9,micro_under_0.3,2.74,False,,,,,False,False,False,False,2021-02-02,industry,medical/dental instruments,2026-10-09,own_assumption
PMI,Picard Medical Inc. Common Stock,medtech,,amex,,2025,21.9,micro_under_0.3,9.37,False,,,,,False,False,False,False,2025-09-03,industry,medical/dental instruments,2026-10-09,own_assumption
RVP,Retractable Technologies Inc. Common Stock,medtech,,amex,United States,2001,20.7,micro_under_0.3,0.6908,False,,,,,False,False,False,False,2021-02-02,industry,medical/dental instruments,2026-10-09,own_assumption
ICU,SeaStar Medical Holding Corporation Common Stock,medtech,,nasdaq,United States,2021,19.6,micro_under_0.3,3.72,False,,,,,False,False,False,False,2022-11-01,industry,medical/dental instruments,2026-10-09,own_assumption
LFWD,Lifeward Ltd. Ordinary Shares,medtech,,nasdaq,Israel,2014,18.4,micro_under_0.3,6.5,False,,,,,False,False,False,False,2024-03-01,industry,industrial specialties,2026-10-09,own_assumption
HSCS,HeartSciences Inc. Common Stock,medtech,,nasdaq,United States,2022,16.9,micro_under_0.3,3.49,False,,,,,False,False,False,False,2022-07-01,industry,industrial specialties,2026-10-09,own_assumption
FEMY,Femasys Inc. Common Stock,medtech,,nasdaq,United States,2021,16.8,micro_under_0.3,2.0,False,,,,,False,False,False,False,2021-07-01,industry,medical/dental instruments,2026-10-09,own_assumption
IRIX,IRIDEX Corporation Common Stock,medtech,,nasdaq,United States,1996,15.4,micro_under_0.3,0.8783,False,,,,,False,False,False,False,2021-02-02,industry,biotechnology: electromedical & electrotherapeutic apparatus,2026-10-09,own_assumption
CUPR,Cuprina Holdings (Cayman) Limited Class A Ordinary Shares,medtech,,nasdaq,Singapore,2025,15.2,micro_under_0.3,1.99,False,,,,,False,False,False,False,2025-05-01,industry,industrial specialties,2026-10-09,own_assumption
SINT,SiNtx Technologies Inc. Common Stock,medtech,,nasdaq,United States,2014,14.5,micro_under_0.3,2.17,False,,,,,False,False,False,False,2021-02-02,industry,medical/dental instruments,2026-10-09,own_assumption
CNSY,Cerenome Inc. Common Stock,medtech,,nasdaq,United States,,12.4,micro_under_0.3,1.635,False,,,,,False,False,False,False,2026-09-01,industry,medical/dental instruments,2026-10-09,own_assumption
PLSM,Pulsenmore Ltd. Ordinary Shares,medtech,,nasdaq,Israel,,12.4,micro_under_0.3,1.906,False,,,,,False,False,False,False,2026-02-03,industry,medical/dental instruments,2026-10-09,own_assumption
CTSO,Cytosorbents Corporation Common Stock,medtech,,nasdaq,United States,,12.2,micro_under_0.3,3.87,False,,,,,False,False,False,False,2021-02-02,industry,medical/dental instruments,2026-10-09,own_assumption
RGNT,Regentis Biomaterials Ltd. Ordinary Shares,medtech,,amex,Israel,2025,11.4,micro_under_0.3,1.63,False,,,,,False,False,False,False,2026-01-01,industry,industrial specialties,2026-10-09,own_assumption
NMTC,NeuroOne Medical Technologies Corporation Common Stock,medtech,,nasdaq,United States,,10.1,micro_under_0.3,1.11,False,,,,,False,False,False,False,2021-06-02,industry,medical/dental instruments,2026-10-09,own_assumption
AEMD,Aethlon Medical Inc. Common Stock,medtech,,nasdaq,United States,,9.7,micro_under_0.3,6.07,False,,,,,False,False,False,False,2021-02-02,industry,medical/dental instruments,2026-10-09,own_assumption
TNON,Tenon Medical Inc. Common Stock,medtech,,nasdaq,United States,2022,9.4,micro_under_0.3,3.5,False,,,,,False,False,False,False,2022-05-03,industry,medical/dental instruments,2026-10-09,own_assumption
NDRA,ENDRA Life Sciences Inc. Common Stock,medtech,,nasdaq,United States,2017,9.1,micro_under_0.3,6.06,False,,,,,False,False,False,False,2021-02-02,industry,biotechnology: electromedical & electrotherapeutic apparatus,2026-10-09,own_assumption
CODX,Co-Diagnostics Inc. Common Stock,medtech,,nasdaq,United States,2026,7.9,micro_under_0.3,1.12,False,,,,,False,False,False,False,2021-02-02,industry,medical/dental instruments,2026-10-09,own_assumption
LUCY,Innovative Eyewear Inc. Common Stock,medtech,,nasdaq,United States,2022,7.9,micro_under_0.3,0.912,False,,,,,False,False,False,False,2022-09-01,industry,ophthalmic goods,2026-10-09,own_assumption
WOK,WORK Medical Technology Group LTD Class A Ordinary Shares,medtech,,nasdaq,China,2024,6.9,micro_under_0.3,1.55,False,,,,,False,False,False,False,2024-09-04,industry,medical/dental instruments,2026-10-09,own_assumption
AMIX,Autonomix Medical Inc. Common Stock,medtech,,nasdaq,United States,2024,6.7,micro_under_0.3,3.41,False,,,,,False,False,False,False,2024-03-01,industry,medical/dental instruments,2026-10-09,own_assumption
CLGN,CollPlant Biotechnologies Ltd Ordinary Shares,medtech,,nasdaq,Israel,,6.5,micro_under_0.3,3.46,False,,,,,False,False,False,False,2021-02-02,industry,industrial specialties,2026-10-09,own_assumption
NVNO,enVVeno Medical Corporation Common Stock,medtech,,nasdaq,United States,2018,5.8,micro_under_0.3,8.4,False,,,,,False,False,False,False,2021-11-02,industry,medical/dental instruments,2026-10-09,own_assumption
SNOA,Sonoma Pharmaceuticals Inc. Common Stock,medtech,,nasdaq,United States,2007,5.8,micro_under_0.3,1.22,False,,,,,False,False,False,False,2021-02-02,industry,medical/dental instruments,2026-10-09,own_assumption
INBS,Intelligent Bio Solutions Inc. Common Stock,medtech,,nasdaq,United States,2020,5.3,micro_under_0.3,1.59,False,,,,,False,False,False,False,2022-11-01,industry,medical/dental instruments,2026-10-09,own_assumption
VVOS,Vivos Therapeutics Inc. Common Stock,medtech,,nasdaq,United States,2020,5.1,micro_under_0.3,0.151,False,,,,,False,False,False,False,2021-02-02,industry,medical/dental instruments,2026-10-09,own_assumption
ICCM,IceCure Medical Ltd. Ordinary Shares,medtech,,nasdaq,Israel,,3.9,micro_under_0.3,1.15,False,,,,,False,False,False,False,2021-09-01,industry,medical/dental instruments,2026-10-09,own_assumption
BJDX,Bluejay Diagnostics Inc. Common Stock,medtech,,nasdaq,United States,2021,3.6,micro_under_0.3,0.8101,False,,,,,False,False,False,False,2021-12-01,industry,medical/dental instruments,2026-10-09,own_assumption
NXL,Nexalin Technology Inc. Common Stock,medtech,,nasdaq,United States,2022,3.6,micro_under_0.3,4.32,False,,,,,False,False,False,False,2022-10-01,industry,biotechnology: electromedical & electrotherapeutic apparatus,2026-10-09,own_assumption
IVF,INVO Fertility Inc. Common Stock,medtech,,nasdaq,United States,,3.4,micro_under_0.3,0.7375,False,,,,,False,False,False,False,2025-05-01,industry,medical/dental instruments,2026-10-09,own_assumption
ADGM,Adagio Medical Holdings Inc Common Stock,medtech,,nasdaq,United States,,3.0,micro_under_0.3,0.1338,False,,,,,False,False,False,False,2024-09-04,industry,medical/dental instruments,2026-10-09,own_assumption
VBIO,Valion Bio Inc. Common Stock,medtech,,nasdaq,United States,2021,2.8,micro_under_0.3,2.19,False,,,,,False,False,False,False,2026-05-01,industry,biotechnology: electromedical & electrotherapeutic apparatus,2026-10-09,own_assumption
NUWE,Nuwellis Inc. Common Stock,medtech,,nasdaq,United States,,2.5,micro_under_0.3,0.6907,False,,,,,False,False,False,False,2021-05-01,industry,biotechnology: electromedical & electrotherapeutic apparatus,2026-10-09,own_assumption
XAIR,Beyond Air Inc. Common Stock,medtech,,nasdaq,United States,,2.4,micro_under_0.3,2.54,False,,,,,False,False,False,False,2021-02-02,industry,medical/dental instruments,2026-10-09,own_assumption
NXGL,NexGel Inc Common Stock,medtech,,nasdaq,United States,2021,1.7,micro_under_0.3,0.1772,False,,,,,False,False,False,False,2022-01-01,industry,medical/dental instruments,2026-10-09,own_assumption
BBLG,Bone Biologics Corp Common Stock,medtech,,nasdaq,United States,,1.3,micro_under_0.3,0.4875,False,,,,,False,False,False,False,2021-11-02,industry,industrial specialties,2026-10-09,own_assumption
GCTK,GlucoTrack Inc. Common Stock,medtech,,nasdaq,United States,,1.0,micro_under_0.3,1.15,False,,,,,False,False,False,False,2022-04-01,industry,medical/dental instruments,2026-10-09,own_assumption
PFSA,Profusa Inc. Common Stock,medtech,,nasdaq,United States,,0.9,micro_under_0.3,1.5,False,,,,,False,False,False,False,2025-08-01,industry,medical/dental instruments,2026-10-09,own_assumption
MMEDV,MiniMed Group Inc. Common Stock When Issued,medtech,,nasdaq,United States,,0.0,unknown,19.3,False,,,,,False,False,False,False,2026-10-09,industry,medical/dental instruments,2026-10-09,own_assumption
